Time_s,Hour,Network_Type,Node_ID,Total_MHz,Remaining_MHz,Utilization_%,Active_Users
0,Hour 0.0,5G_TN,Tower_0,100.0,0.0,100.0,14
0,Hour 0.0,5G_TN,Tower_1,100.0,63.69674601135334,36.3,9
0,Hour 0.0,5G_TN,Tower_2,100.0,11.138694069119133,88.86,13
0,Hour 0.0,5G_TN,Tower_3,100.0,48.72428392857046,51.28,13
0,Hour 0.0,5G_TN,Tower_4,100.0,72.60616918338646,27.39,4
0,Hour 0.0,5G_TN,Tower_5,100.0,60.535254141515054,39.46,5
0,Hour 0.0,5G_TN,Tower_6,100.0,0.0,100.0,20
0,Hour 0.0,5G_TN,Tower_7,100.0,71.48729803579108,28.51,7
0,Hour 0.0,5G_TN,Tower_8,100.0,16.15817208659077,83.84,8
0,Hour 0.0,5G_TN,Tower_9,100.0,45.84196454686195,54.16,13
0,Hour 0.0,5G_TN,Tower_10,100.0,98.64044466334624,1.36,3
0,Hour 0.0,5G_TN,Tower_11,100.0,98.19633771945077,1.8,4
0,Hour 0.0,5G_TN,Tower_12,100.0,58.049261292941374,41.95,11
0,Hour 0.0,5G_TN,Tower_13,100.0,7.015261773443555,92.98,15
0,Hour 0.0,5G_TN,Tower_14,100.0,98.89978476774878,1.1,3
0,Hour 0.0,5G_TN,Tower_15,100.0,26.160891914814904,73.84,6
0,Hour 0.0,5G_TN,Tower_16,100.0,0.0,100.0,12
0,Hour 0.0,5G_TN,Tower_17,100.0,0.0,100.0,16
0,Hour 0.0,5G_TN,Tower_18,100.0,19.620572716330923,80.38,6
0,Hour 0.0,5G_TN,Tower_19,100.0,62.8923399386132,37.11,4
0,Hour 0.0,5G_TN,Tower_20,100.0,0.0,100.0,16
0,Hour 0.0,5G_TN,Tower_21,100.0,0.0,100.0,17
0,Hour 0.0,5G_TN,Tower_22,100.0,25.405435076485016,74.59,14
0,Hour 0.0,5G_TN,Tower_23,100.0,10.930702882527886,89.07,13
0,Hour 0.0,5G_TN,Tower_24,100.0,66.83559710846261,33.16,5
0,Hour 0.0,5G_TN,Tower_25,100.0,79.8997258911479,20.1,6
0,Hour 0.0,5G_TN,Tower_26,100.0,72.33049476460833,27.67,5
0,Hour 0.0,5G_TN,Tower_27,100.0,0.0,100.0,10
0,Hour 0.0,5G_TN,Tower_28,100.0,88.99152988705967,11.01,6
0,Hour 0.0,5G_TN,Tower_29,100.0,40.27001527479765,59.73,6
0,Hour 0.0,5G_TN,Tower_30,100.0,0.0,100.0,12
0,Hour 0.0,5G_TN,Tower_31,100.0,51.2161549807219,48.78,10
0,Hour 0.0,5G_TN,Tower_32,100.0,89.64769928630909,10.35,10
0,Hour 0.0,5G_TN,Tower_33,100.0,74.12819913888839,25.87,6
0,Hour 0.0,5G_TN,Tower_34,100.0,95.48515880887534,4.51,7
0,Hour 0.0,5G_TN,Tower_35,100.0,91.12456535947612,8.88,6
0,Hour 0.0,LEO_NTN,Sat_LIVE-SIMULAT-066-003,1280.0,800.0,37.5,85
0,Hour 0.0,LEO_NTN,Sat_LIVE-SIMULAT-048-007,1280.0,1120.0,12.5,39
0,Hour 0.0,LEO_NTN,Sat_LIVE-SIMULAT-067-003,1280.0,1160.0,9.38,29
0,Hour 0.0,LEO_NTN,Sat_LIVE-SIMULAT-060-004,1280.0,1000.0,21.88,30
0,Hour 0.0,LEO_NTN,Sat_LIVE-SIMULAT-055-005,1280.0,880.0,31.25,50
0,Hour 0.0,LEO_NTN,Sat_LIVE-SIMULAT-051-006,1280.0,960.0,25.0,39
0,Hour 0.0,LEO_NTN,Sat_LIVE-SIMULAT-054-005,1280.0,1040.0,18.75,32
0,Hour 0.0,LEO_NTN,Sat_LIVE-SIMULAT-059-004,1280.0,1040.0,18.75,18
0,Hour 0.0,LEO_NTN,Sat_LIVE-SIMULAT-052-006,1280.0,1120.0,12.5,12
0,Hour 0.0,LEO_NTN,Sat_LIVE-SIMULAT-061-004,1280.0,1040.0,18.75,21
0,Hour 0.0,LEO_NTN,Sat_LIVE-SIMULAT-056-005,1280.0,1040.0,18.75,17
0,Hour 0.0,LEO_NTN,Sat_LIVE-SIMULAT-049-006,1280.0,1160.0,9.38,6
0,Hour 0.0,LEO_NTN,Sat_LIVE-SIMULAT-065-003,1280.0,1120.0,12.5,11
0,Hour 0.0,LEO_NTN,Sat_LIVE-SIMULAT-050-006,1280.0,1040.0,18.75,19
3600,Hour 1.0,5G_TN,Tower_0,100.0,0.0,100.0,14
3600,Hour 1.0,5G_TN,Tower_1,100.0,61.619649107255555,38.38,5
3600,Hour 1.0,5G_TN,Tower_2,100.0,69.83467756823069,30.17,9
3600,Hour 1.0,5G_TN,Tower_3,100.0,20.621140717031537,79.38,13
3600,Hour 1.0,5G_TN,Tower_4,100.0,91.5453181432025,8.45,2
3600,Hour 1.0,5G_TN,Tower_5,100.0,95.76195666328728,4.24,2
3600,Hour 1.0,5G_TN,Tower_6,100.0,0.0,100.0,26
3600,Hour 1.0,5G_TN,Tower_7,100.0,7.4329273422527615,92.57,6
3600,Hour 1.0,5G_TN,Tower_8,100.0,54.68615999666178,45.31,6
3600,Hour 1.0,5G_TN,Tower_9,100.0,94.76171809713931,5.24,8
3600,Hour 1.0,5G_TN,Tower_10,100.0,96.82091279422299,3.18,4
3600,Hour 1.0,5G_TN,Tower_11,100.0,70.32391285422536,29.68,7
3600,Hour 1.0,5G_TN,Tower_12,100.0,0.0,100.0,17
3600,Hour 1.0,5G_TN,Tower_13,100.0,0.0,100.0,12
3600,Hour 1.0,5G_TN,Tower_14,100.0,96.11862620704161,3.88,2
3600,Hour 1.0,5G_TN,Tower_15,100.0,13.212725487905555,86.79,7
3600,Hour 1.0,5G_TN,Tower_16,100.0,0.0,100.0,12
3600,Hour 1.0,5G_TN,Tower_17,100.0,0.0,100.0,18
3600,Hour 1.0,5G_TN,Tower_18,100.0,58.11687991842909,41.88,7
3600,Hour 1.0,5G_TN,Tower_19,100.0,96.84795497861293,3.15,3
3600,Hour 1.0,5G_TN,Tower_20,100.0,27.63275505003964,72.37,15
3600,Hour 1.0,5G_TN,Tower_21,100.0,0.0,100.0,19
3600,Hour 1.0,5G_TN,Tower_22,100.0,34.82006110892643,65.18,19
3600,Hour 1.0,5G_TN,Tower_23,100.0,30.665577730401395,69.33,10
3600,Hour 1.0,5G_TN,Tower_24,100.0,96.17792755964976,3.82,3
3600,Hour 1.0,5G_TN,Tower_25,100.0,71.13730255347146,28.86,4
3600,Hour 1.0,5G_TN,Tower_26,100.0,80.08551356028946,19.91,5
3600,Hour 1.0,5G_TN,Tower_27,100.0,33.899842823157755,66.1,8
3600,Hour 1.0,5G_TN,Tower_28,100.0,78.15562682353388,21.84,8
3600,Hour 1.0,5G_TN,Tower_29,100.0,77.991336352818,22.01,5
3600,Hour 1.0,5G_TN,Tower_30,100.0,38.799312329168735,61.2,9
3600,Hour 1.0,5G_TN,Tower_31,100.0,41.91891411444594,58.08,11
3600,Hour 1.0,5G_TN,Tower_32,100.0,82.21905559013815,17.78,12
3600,Hour 1.0,5G_TN,Tower_33,100.0,48.134813400698555,51.87,5
3600,Hour 1.0,5G_TN,Tower_34,100.0,97.03742685585503,2.96,5
3600,Hour 1.0,5G_TN,Tower_35,100.0,96.10520589841208,3.89,5
3600,Hour 1.0,LEO_NTN,Sat_LIVE-SIMULAT-052-015,1280.0,1200.0,6.25,23
3600,Hour 1.0,LEO_NTN,Sat_LIVE-SIMULAT-069-011,1280.0,840.0,34.38,76
3600,Hour 1.0,LEO_NTN,Sat_LIVE-SIMULAT-070-011,1280.0,960.0,25.0,74
3600,Hour 1.0,LEO_NTN,Sat_LIVE-SIMULAT-064-012,1280.0,1080.0,15.62,22
3600,Hour 1.0,LEO_NTN,Sat_LIVE-SIMULAT-059-013,1280.0,840.0,34.38,57
3600,Hour 1.0,LEO_NTN,Sat_LIVE-SIMULAT-058-013,1280.0,960.0,25.0,42
3600,Hour 1.0,LEO_NTN,Sat_LIVE-SIMULAT-054-014,1280.0,960.0,25.0,27
3600,Hour 1.0,LEO_NTN,Sat_LIVE-SIMULAT-055-014,1280.0,960.0,25.0,34
3600,Hour 1.0,LEO_NTN,Sat_LIVE-SIMULAT-063-012,1280.0,1080.0,15.62,18
3600,Hour 1.0,LEO_NTN,Sat_LIVE-SIMULAT-065-012,1280.0,1120.0,12.5,17
3600,Hour 1.0,LEO_NTN,Sat_LIVE-SIMULAT-051-015,1280.0,1200.0,6.25,11
3600,Hour 1.0,LEO_NTN,Sat_LIVE-SIMULAT-053-014,1280.0,1040.0,18.75,20
3600,Hour 1.0,LEO_NTN,Sat_LIVE-SIMULAT-060-013,1280.0,1160.0,9.38,3
3600,Hour 1.0,LEO_NTN,Sat_LIVE-SIMULAT-062-012,1280.0,1200.0,6.25,2
3600,Hour 1.0,LEO_NTN,Sat_LIVE-SIMULAT-057-013,1280.0,1240.0,3.12,2
3600,Hour 1.0,LEO_NTN,Sat_LIVE-SIMULAT-056-014,1280.0,1240.0,3.12,2
7200,Hour 2.0,5G_TN,Tower_0,100.0,19.786790408894944,80.21,14
7200,Hour 2.0,5G_TN,Tower_1,100.0,51.41800777620384,48.58,10
7200,Hour 2.0,5G_TN,Tower_2,100.0,33.135711496246316,66.86,12
7200,Hour 2.0,5G_TN,Tower_3,100.0,48.27426604323133,51.73,9
7200,Hour 2.0,5G_TN,Tower_4,100.0,96.81313613973143,3.19,3
7200,Hour 2.0,5G_TN,Tower_5,100.0,97.59496347322397,2.41,3
7200,Hour 2.0,5G_TN,Tower_6,100.0,58.260382593177745,41.74,19
7200,Hour 2.0,5G_TN,Tower_7,100.0,63.9679527505941,36.03,8
7200,Hour 2.0,5G_TN,Tower_8,100.0,45.94741679975117,54.05,6
7200,Hour 2.0,5G_TN,Tower_9,100.0,58.89597214869057,41.1,8
7200,Hour 2.0,5G_TN,Tower_10,100.0,99.7306764325661,0.27,2
7200,Hour 2.0,5G_TN,Tower_11,100.0,97.2367411728289,2.76,5
7200,Hour 2.0,5G_TN,Tower_12,100.0,71.67928921841208,28.32,13
7200,Hour 2.0,5G_TN,Tower_13,100.0,40.803346042488826,59.2,13
7200,Hour 2.0,5G_TN,Tower_14,100.0,90.54883929421372,9.45,5
7200,Hour 2.0,5G_TN,Tower_15,100.0,20.59273658422047,79.41,7
7200,Hour 2.0,5G_TN,Tower_16,100.0,36.913472011703014,63.09,13
7200,Hour 2.0,5G_TN,Tower_17,100.0,7.243170195541054,92.76,16
7200,Hour 2.0,5G_TN,Tower_18,100.0,57.296501743946926,42.7,8
7200,Hour 2.0,5G_TN,Tower_19,100.0,97.80840460403694,2.19,3
7200,Hour 2.0,5G_TN,Tower_20,100.0,63.87209471220492,36.13,10
7200,Hour 2.0,5G_TN,Tower_21,100.0,0.0,100.0,24
7200,Hour 2.0,5G_TN,Tower_22,100.0,19.252461858653014,80.75,16
7200,Hour 2.0,5G_TN,Tower_23,100.0,45.47559723170197,54.52,14
7200,Hour 2.0,5G_TN,Tower_24,100.0,76.30212441712978,23.7,7
7200,Hour 2.0,5G_TN,Tower_25,100.0,76.90187117590632,23.1,9
7200,Hour 2.0,5G_TN,Tower_26,100.0,86.02559278968711,13.97,4
7200,Hour 2.0,5G_TN,Tower_27,100.0,40.66378205442581,59.34,13
7200,Hour 2.0,5G_TN,Tower_28,100.0,93.02901263307795,6.97,4
7200,Hour 2.0,5G_TN,Tower_29,100.0,99.70530921446608,0.29,1
7200,Hour 2.0,5G_TN,Tower_30,100.0,63.654689614001896,36.35,10
7200,Hour 2.0,5G_TN,Tower_31,100.0,23.673256297642983,76.33,10
7200,Hour 2.0,5G_TN,Tower_32,100.0,93.29296624329261,6.71,9
7200,Hour 2.0,5G_TN,Tower_33,100.0,48.45891569634004,51.54,7
7200,Hour 2.0,5G_TN,Tower_34,100.0,98.43175614526302,1.57,5
7200,Hour 2.0,5G_TN,Tower_35,100.0,96.29832579951153,3.7,5
7200,Hour 2.0,LEO_NTN,Sat_LIVE-SIMULAT-001-020,1280.0,880.0,31.25,98
7200,Hour 2.0,LEO_NTN,Sat_LIVE-SIMULAT-055-001,1280.0,1080.0,15.62,56
7200,Hour 2.0,LEO_NTN,Sat_LIVE-SIMULAT-002-020,1280.0,1160.0,9.38,38
7200,Hour 2.0,LEO_NTN,Sat_LIVE-SIMULAT-063-021,1280.0,920.0,28.12,33
7200,Hour 2.0,LEO_NTN,Sat_LIVE-SIMULAT-058-000,1280.0,1000.0,21.88,33
7200,Hour 2.0,LEO_NTN,Sat_LIVE-SIMULAT-061-021,1280.0,1120.0,12.5,19
7200,Hour 2.0,LEO_NTN,Sat_LIVE-SIMULAT-062-021,1280.0,840.0,34.38,55
7200,Hour 2.0,LEO_NTN,Sat_LIVE-SIMULAT-059-000,1280.0,880.0,31.25,47
7200,Hour 2.0,LEO_NTN,Sat_LIVE-SIMULAT-068-020,1280.0,1080.0,15.62,24
7200,Hour 2.0,LEO_NTN,Sat_LIVE-SIMULAT-057-000,1280.0,1040.0,18.75,22
7200,Hour 2.0,LEO_NTN,Sat_LIVE-SIMULAT-066-020,1280.0,1120.0,12.5,8
7200,Hour 2.0,LEO_NTN,Sat_LIVE-SIMULAT-000-020,1280.0,1160.0,9.38,12
7200,Hour 2.0,LEO_NTN,Sat_LIVE-SIMULAT-067-020,1280.0,1040.0,18.75,20
7200,Hour 2.0,LEO_NTN,Sat_LIVE-SIMULAT-064-021,1280.0,1240.0,3.12,1
7200,Hour 2.0,LEO_NTN,Sat_LIVE-SIMULAT-056-000,1280.0,1240.0,3.12,1
10800,Hour 3.0,5G_TN,Tower_0,100.0,57.178687585901535,42.82,14
10800,Hour 3.0,5G_TN,Tower_1,100.0,77.4428997006873,22.56,8
10800,Hour 3.0,5G_TN,Tower_2,100.0,79.29491341101306,20.71,14
10800,Hour 3.0,5G_TN,Tower_3,100.0,62.84516060479069,37.15,9
10800,Hour 3.0,5G_TN,Tower_4,100.0,97.82274281133367,2.18,3
10800,Hour 3.0,5G_TN,Tower_5,100.0,81.06517642563242,18.93,5
10800,Hour 3.0,5G_TN,Tower_6,100.0,0.0,100.0,21
10800,Hour 3.0,5G_TN,Tower_7,100.0,76.59466210194078,23.41,9
10800,Hour 3.0,5G_TN,Tower_8,100.0,82.32120577566565,17.68,4
10800,Hour 3.0,5G_TN,Tower_9,100.0,76.11827005238622,23.88,9
10800,Hour 3.0,5G_TN,Tower_10,100.0,99.55312206909525,0.45,2
10800,Hour 3.0,5G_TN,Tower_11,100.0,95.91585416560604,4.08,3
10800,Hour 3.0,5G_TN,Tower_12,100.0,56.30373801369826,43.7,7
10800,Hour 3.0,5G_TN,Tower_13,100.0,84.82731915974071,15.17,6
10800,Hour 3.0,5G_TN,Tower_14,100.0,95.10665055617645,4.89,5
10800,Hour 3.0,5G_TN,Tower_15,100.0,81.22840026155191,18.77,5
10800,Hour 3.0,5G_TN,Tower_16,100.0,0.0,100.0,27
10800,Hour 3.0,5G_TN,Tower_17,100.0,68.93364380991122,31.07,12
10800,Hour 3.0,5G_TN,Tower_18,100.0,90.97254321714746,9.03,6
10800,Hour 3.0,5G_TN,Tower_19,100.0,88.31076096511408,11.69,4
10800,Hour 3.0,5G_TN,Tower_20,100.0,60.42344983382602,39.58,12
10800,Hour 3.0,5G_TN,Tower_21,100.0,87.64845949309725,12.35,15
10800,Hour 3.0,5G_TN,Tower_22,100.0,39.675877172190084,60.32,16
10800,Hour 3.0,5G_TN,Tower_23,100.0,58.2229774680503,41.78,16
10800,Hour 3.0,5G_TN,Tower_24,100.0,95.38626614719598,4.61,7
10800,Hour 3.0,5G_TN,Tower_25,100.0,82.74428870324246,17.26,9
10800,Hour 3.0,5G_TN,Tower_26,100.0,95.40096650228038,4.6,5
10800,Hour 3.0,5G_TN,Tower_27,100.0,66.0346988816348,33.97,9
10800,Hour 3.0,5G_TN,Tower_28,100.0,92.58481432607718,7.42,7
10800,Hour 3.0,5G_TN,Tower_29,100.0,87.08716842181589,12.91,4
10800,Hour 3.0,5G_TN,Tower_30,100.0,87.48884590801202,12.51,8
10800,Hour 3.0,5G_TN,Tower_31,100.0,71.39440804132852,28.61,9
10800,Hour 3.0,5G_TN,Tower_32,100.0,86.61304045380342,13.39,9
10800,Hour 3.0,5G_TN,Tower_33,100.0,70.48796743973634,29.51,6
10800,Hour 3.0,5G_TN,Tower_34,100.0,99.18602338806991,0.81,5
10800,Hour 3.0,5G_TN,Tower_35,100.0,93.05936642473405,6.94,5
10800,Hour 3.0,LEO_NTN,Sat_LIVE-SIMULAT-059-009,1280.0,920.0,28.12,98
10800,Hour 3.0,LEO_NTN,Sat_LIVE-SIMULAT-004-006,1280.0,1120.0,12.5,66
10800,Hour 3.0,LEO_NTN,Sat_LIVE-SIMULAT-060-009,1280.0,1240.0,3.12,13
10800,Hour 3.0,LEO_NTN,Sat_LIVE-SIMULAT-058-009,1280.0,960.0,25.0,54
10800,Hour 3.0,LEO_NTN,Sat_LIVE-SIMULAT-066-007,1280.0,840.0,34.38,56
10800,Hour 3.0,LEO_NTN,Sat_LIVE-SIMULAT-062-008,1280.0,1080.0,15.62,23
10800,Hour 3.0,LEO_NTN,Sat_LIVE-SIMULAT-065-007,1280.0,1080.0,15.62,27
10800,Hour 3.0,LEO_NTN,Sat_LIVE-SIMULAT-000-007,1280.0,880.0,31.25,43
10800,Hour 3.0,LEO_NTN,Sat_LIVE-SIMULAT-060-008,1280.0,1080.0,15.62,12
10800,Hour 3.0,LEO_NTN,Sat_LIVE-SIMULAT-067-007,1280.0,960.0,25.0,25
10800,Hour 3.0,LEO_NTN,Sat_LIVE-SIMULAT-070-006,1280.0,1080.0,15.62,17
10800,Hour 3.0,LEO_NTN,Sat_LIVE-SIMULAT-071-006,1280.0,1000.0,21.88,20
10800,Hour 3.0,LEO_NTN,Sat_LIVE-SIMULAT-063-008,1280.0,1240.0,3.12,4
10800,Hour 3.0,LEO_NTN,Sat_LIVE-SIMULAT-061-008,1280.0,1080.0,15.62,15
10800,Hour 3.0,LEO_NTN,Sat_LIVE-SIMULAT-001-007,1280.0,1240.0,3.12,2
14400,Hour 4.0,5G_TN,Tower_0,100.0,86.5274863482581,13.47,11
14400,Hour 4.0,5G_TN,Tower_1,100.0,92.68591805457179,7.31,7
14400,Hour 4.0,5G_TN,Tower_2,100.0,93.71807874944172,6.28,10
14400,Hour 4.0,5G_TN,Tower_3,100.0,80.04982164507841,19.95,11
14400,Hour 4.0,5G_TN,Tower_4,100.0,97.73119165418801,2.27,3
14400,Hour 4.0,5G_TN,Tower_5,100.0,99.32355591886382,0.68,3
14400,Hour 4.0,5G_TN,Tower_6,100.0,78.00491452685884,22.0,15
14400,Hour 4.0,5G_TN,Tower_7,100.0,93.57199358503014,6.43,8
14400,Hour 4.0,5G_TN,Tower_8,100.0,97.15781344281513,2.84,2
14400,Hour 4.0,5G_TN,Tower_9,100.0,93.35971352919877,6.64,6
14400,Hour 4.0,5G_TN,Tower_10,100.0,99.17751848060233,0.82,5
14400,Hour 4.0,5G_TN,Tower_11,100.0,99.50930346410289,0.49,2
14400,Hour 4.0,5G_TN,Tower_12,100.0,75.85436470684023,24.15,14
14400,Hour 4.0,5G_TN,Tower_13,100.0,87.80661957509949,12.19,9
14400,Hour 4.0,5G_TN,Tower_14,100.0,98.52334655834808,1.48,4
14400,Hour 4.0,5G_TN,Tower_15,100.0,91.95071600394807,8.05,5
14400,Hour 4.0,5G_TN,Tower_16,100.0,71.55278511221336,28.45,14
14400,Hour 4.0,5G_TN,Tower_17,100.0,74.68461959014375,25.32,16
14400,Hour 4.0,5G_TN,Tower_18,100.0,94.84189996991299,5.16,4
14400,Hour 4.0,5G_TN,Tower_19,100.0,96.09162900082241,3.91,4
14400,Hour 4.0,5G_TN,Tower_20,100.0,75.25892775159335,24.74,16
14400,Hour 4.0,5G_TN,Tower_21,100.0,69.78381055857801,30.22,20
14400,Hour 4.0,5G_TN,Tower_22,100.0,90.04706350289467,9.95,8
14400,Hour 4.0,5G_TN,Tower_23,100.0,89.65609606679386,10.34,7
14400,Hour 4.0,5G_TN,Tower_24,100.0,99.39586973257958,0.6,3
14400,Hour 4.0,5G_TN,Tower_25,100.0,98.0863527201762,1.91,3
14400,Hour 4.0,5G_TN,Tower_26,100.0,94.11731484095516,5.88,7
14400,Hour 4.0,5G_TN,Tower_27,100.0,92.04368346339831,7.96,5
14400,Hour 4.0,5G_TN,Tower_28,100.0,88.8352500168492,11.16,7
14400,Hour 4.0,5G_TN,Tower_29,100.0,91.57202745881058,8.43,4
14400,Hour 4.0,5G_TN,Tower_30,100.0,80.70092399269096,19.3,9
14400,Hour 4.0,5G_TN,Tower_31,100.0,93.91899410359923,6.08,9
14400,Hour 4.0,5G_TN,Tower_32,100.0,97.47124650941058,2.53,7
14400,Hour 4.0,5G_TN,Tower_33,100.0,88.59710392664641,11.4,5
14400,Hour 4.0,5G_TN,Tower_34,100.0,99.08643805615338,0.91,4
14400,Hour 4.0,5G_TN,Tower_35,100.0,97.603768061856,2.4,4
14400,Hour 4.0,LEO_NTN,Sat_LIVE-SIMULAT-008-014,1280.0,1120.0,12.5,170
14400,Hour 4.0,LEO_NTN,Sat_LIVE-SIMULAT-062-017,1280.0,840.0,34.38,92
14400,Hour 4.0,LEO_NTN,Sat_LIVE-SIMULAT-063-017,1280.0,1080.0,15.62,48
14400,Hour 4.0,LEO_NTN,Sat_LIVE-SIMULAT-070-015,1280.0,880.0,31.25,49
14400,Hour 4.0,LEO_NTN,Sat_LIVE-SIMULAT-065-016,1280.0,1040.0,18.75,24
14400,Hour 4.0,LEO_NTN,Sat_LIVE-SIMULAT-069-015,1280.0,1000.0,21.88,36
14400,Hour 4.0,LEO_NTN,Sat_LIVE-SIMULAT-003-015,1280.0,1000.0,21.88,36
14400,Hour 4.0,LEO_NTN,Sat_LIVE-SIMULAT-064-016,1280.0,1080.0,15.62,19
14400,Hour 4.0,LEO_NTN,Sat_LIVE-SIMULAT-004-015,1280.0,1040.0,18.75,18
14400,Hour 4.0,LEO_NTN,Sat_LIVE-SIMULAT-066-016,1280.0,1120.0,12.5,15
14400,Hour 4.0,LEO_NTN,Sat_LIVE-SIMULAT-061-017,1280.0,1200.0,6.25,8
14400,Hour 4.0,LEO_NTN,Sat_LIVE-SIMULAT-001-015,1280.0,1200.0,6.25,4
14400,Hour 4.0,LEO_NTN,Sat_LIVE-SIMULAT-002-015,1280.0,1000.0,21.88,19
14400,Hour 4.0,LEO_NTN,Sat_LIVE-SIMULAT-071-015,1280.0,1120.0,12.5,6
14400,Hour 4.0,LEO_NTN,Sat_LIVE-SIMULAT-063-016,1280.0,1200.0,6.25,2
14400,Hour 4.0,LEO_NTN,Sat_LIVE-SIMULAT-068-015,1280.0,1240.0,3.12,2
14400,Hour 4.0,LEO_NTN,Sat_LIVE-SIMULAT-007-014,1280.0,1240.0,3.12,1
18000,Hour 5.0,5G_TN,Tower_0,100.0,88.9339776230691,11.07,14
18000,Hour 5.0,5G_TN,Tower_1,100.0,90.32400031295725,9.68,6
18000,Hour 5.0,5G_TN,Tower_2,100.0,88.70867685001079,11.29,14
18000,Hour 5.0,5G_TN,Tower_3,100.0,93.66700836441704,6.33,8
18000,Hour 5.0,5G_TN,Tower_4,100.0,98.71646889359353,1.28,2
18000,Hour 5.0,5G_TN,Tower_5,100.0,94.65485635899856,5.35,3
18000,Hour 5.0,5G_TN,Tower_6,100.0,90.24778870068985,9.75,11
18000,Hour 5.0,5G_TN,Tower_7,100.0,95.59653861323297,4.4,9
18000,Hour 5.0,5G_TN,Tower_8,100.0,97.24636088873184,2.75,5
18000,Hour 5.0,5G_TN,Tower_9,100.0,92.72229184891317,7.28,6
18000,Hour 5.0,5G_TN,Tower_10,100.0,99.7935331407313,0.21,1
18000,Hour 5.0,5G_TN,Tower_11,100.0,99.12944917159568,0.87,3
18000,Hour 5.0,5G_TN,Tower_12,100.0,89.09201451005688,10.91,7
18000,Hour 5.0,5G_TN,Tower_13,100.0,87.45463180129435,12.55,10
18000,Hour 5.0,5G_TN,Tower_14,100.0,99.19690508899039,0.8,2
18000,Hour 5.0,5G_TN,Tower_15,100.0,91.97042770903475,8.03,7
18000,Hour 5.0,5G_TN,Tower_16,100.0,94.1018103365793,5.9,11
18000,Hour 5.0,5G_TN,Tower_17,100.0,86.18668519133254,13.81,15
18000,Hour 5.0,5G_TN,Tower_18,100.0,98.19162402253778,1.81,4
18000,Hour 5.0,5G_TN,Tower_19,100.0,96.91390312425132,3.09,3
18000,Hour 5.0,5G_TN,Tower_20,100.0,93.50022899548806,6.5,9
18000,Hour 5.0,5G_TN,Tower_21,100.0,89.53377955651274,10.47,9
18000,Hour 5.0,5G_TN,Tower_22,100.0,94.74861388197186,5.25,5
18000,Hour 5.0,5G_TN,Tower_23,100.0,94.85646794600848,5.14,9
18000,Hour 5.0,5G_TN,Tower_24,100.0,92.93065861257989,7.07,9
18000,Hour 5.0,5G_TN,Tower_25,100.0,95.59334784912313,4.41,3
18000,Hour 5.0,5G_TN,Tower_26,100.0,92.92693587744134,7.07,8
18000,Hour 5.0,5G_TN,Tower_27,100.0,96.59923303318743,3.4,4
18000,Hour 5.0,5G_TN,Tower_28,100.0,97.23082495811039,2.77,4
18000,Hour 5.0,5G_TN,Tower_29,100.0,95.01253950352266,4.99,3
18000,Hour 5.0,5G_TN,Tower_30,100.0,93.84065655180737,6.16,8
18000,Hour 5.0,5G_TN,Tower_31,100.0,92.19000477732001,7.81,6
18000,Hour 5.0,5G_TN,Tower_32,100.0,97.38591788666375,2.61,9
18000,Hour 5.0,5G_TN,Tower_33,100.0,93.25198302376752,6.75,5
18000,Hour 5.0,5G_TN,Tower_34,100.0,99.529228321266,0.47,3
18000,Hour 5.0,5G_TN,Tower_35,100.0,99.21329964720164,0.79,4
18000,Hour 5.0,LEO_NTN,Sat_LIVE-SIMULAT-066-003,1280.0,840.0,34.38,210
18000,Hour 5.0,LEO_NTN,Sat_LIVE-SIMULAT-011-000,1280.0,1120.0,12.5,55
18000,Hour 5.0,LEO_NTN,Sat_LIVE-SIMULAT-069-002,1280.0,1040.0,18.75,22
18000,Hour 5.0,LEO_NTN,Sat_LIVE-SIMULAT-067-003,1280.0,1240.0,3.12,9
18000,Hour 5.0,LEO_NTN,Sat_LIVE-SIMULAT-001-002,1280.0,960.0,25.0,36
18000,Hour 5.0,LEO_NTN,Sat_LIVE-SIMULAT-002-002,1280.0,920.0,28.12,25
18000,Hour 5.0,LEO_NTN,Sat_LIVE-SIMULAT-007-001,1280.0,1000.0,21.88,33
18000,Hour 5.0,LEO_NTN,Sat_LIVE-SIMULAT-067-002,1280.0,1120.0,12.5,11
18000,Hour 5.0,LEO_NTN,Sat_LIVE-SIMULAT-068-002,1280.0,1040.0,18.75,21
18000,Hour 5.0,LEO_NTN,Sat_LIVE-SIMULAT-065-003,1280.0,1000.0,21.88,20
18000,Hour 5.0,LEO_NTN,Sat_LIVE-SIMULAT-070-002,1280.0,1160.0,9.38,12
18000,Hour 5.0,LEO_NTN,Sat_LIVE-SIMULAT-006-001,1280.0,1040.0,18.75,17
18000,Hour 5.0,LEO_NTN,Sat_LIVE-SIMULAT-005-001,1280.0,1080.0,15.62,12
18000,Hour 5.0,LEO_NTN,Sat_LIVE-SIMULAT-000-002,1280.0,1200.0,6.25,7
18000,Hour 5.0,LEO_NTN,Sat_LIVE-SIMULAT-008-001,1280.0,1200.0,6.25,2
18000,Hour 5.0,LEO_NTN,Sat_LIVE-SIMULAT-003-002,1280.0,1200.0,6.25,2
21600,Hour 6.0,5G_TN,Tower_0,100.0,82.87601096214095,17.12,13
21600,Hour 6.0,5G_TN,Tower_1,100.0,89.76155806815355,10.24,9
21600,Hour 6.0,5G_TN,Tower_2,100.0,92.87459452173299,7.13,7
21600,Hour 6.0,5G_TN,Tower_3,100.0,96.95988550609601,3.04,5
21600,Hour 6.0,5G_TN,Tower_4,100.0,95.97596570708454,4.02,4
21600,Hour 6.0,5G_TN,Tower_5,100.0,99.02923671222642,0.97,3
21600,Hour 6.0,5G_TN,Tower_6,100.0,85.12643429931006,14.87,11
21600,Hour 6.0,5G_TN,Tower_7,100.0,95.92739062355167,4.07,4
21600,Hour 6.0,5G_TN,Tower_8,100.0,93.72283902419775,6.28,4
21600,Hour 6.0,5G_TN,Tower_9,100.0,98.07486725732828,1.93,2
21600,Hour 6.0,5G_TN,Tower_10,100.0,99.21873637220205,0.78,2
21600,Hour 6.0,5G_TN,Tower_11,100.0,99.92026835916917,0.08,1
21600,Hour 6.0,5G_TN,Tower_12,100.0,93.33826399668973,6.66,7
21600,Hour 6.0,5G_TN,Tower_13,100.0,87.94171687694804,12.06,8
21600,Hour 6.0,5G_TN,Tower_14,100.0,98.14976145282552,1.85,3
21600,Hour 6.0,5G_TN,Tower_15,100.0,85.0721102997089,14.93,9
21600,Hour 6.0,5G_TN,Tower_16,100.0,79.3475884164239,20.65,12
21600,Hour 6.0,5G_TN,Tower_17,100.0,91.07500406755284,8.92,13
21600,Hour 6.0,5G_TN,Tower_18,100.0,95.48825343578388,4.51,2
21600,Hour 6.0,5G_TN,Tower_19,100.0,96.91091458870378,3.09,4
21600,Hour 6.0,5G_TN,Tower_20,100.0,89.78680918208086,10.21,13
21600,Hour 6.0,5G_TN,Tower_21,100.0,77.29798319889198,22.7,14
21600,Hour 6.0,5G_TN,Tower_22,100.0,98.28961329242618,1.71,5
21600,Hour 6.0,5G_TN,Tower_23,100.0,95.20526993589881,4.79,7
21600,Hour 6.0,5G_TN,Tower_24,100.0,86.23145972961787,13.77,9
21600,Hour 6.0,5G_TN,Tower_25,100.0,96.57320180094491,3.43,6
21600,Hour 6.0,5G_TN,Tower_26,100.0,91.72031836248026,8.28,6
21600,Hour 6.0,5G_TN,Tower_27,100.0,96.24251539598701,3.76,5
21600,Hour 6.0,5G_TN,Tower_28,100.0,99.51925846569215,0.48,2
21600,Hour 6.0,5G_TN,Tower_29,100.0,97.14461935519981,2.86,4
21600,Hour 6.0,5G_TN,Tower_30,100.0,90.50416637645262,9.5,9
21600,Hour 6.0,5G_TN,Tower_31,100.0,92.3142633087278,7.69,6
21600,Hour 6.0,5G_TN,Tower_32,100.0,94.22132509999574,5.78,8
21600,Hour 6.0,5G_TN,Tower_33,100.0,98.9438332155924,1.06,1
21600,Hour 6.0,5G_TN,Tower_34,100.0,99.46832098005336,0.53,5
21600,Hour 6.0,5G_TN,Tower_35,100.0,99.36617279756494,0.63,5
21600,Hour 6.0,LEO_NTN,Sat_LIVE-SIMULAT-069-011,1280.0,800.0,37.5,265
21600,Hour 6.0,LEO_NTN,Sat_LIVE-SIMULAT-070-011,1280.0,1040.0,18.75,64
21600,Hour 6.0,LEO_NTN,Sat_LIVE-SIMULAT-001-011,1280.0,1040.0,18.75,23
21600,Hour 6.0,LEO_NTN,Sat_LIVE-SIMULAT-071-010,1280.0,1040.0,18.75,36
21600,Hour 6.0,LEO_NTN,Sat_LIVE-SIMULAT-015-008,1280.0,1200.0,6.25,15
21600,Hour 6.0,LEO_NTN,Sat_LIVE-SIMULAT-011-009,1280.0,960.0,25.0,29
21600,Hour 6.0,LEO_NTN,Sat_LIVE-SIMULAT-010-009,1280.0,1120.0,12.5,17
21600,Hour 6.0,LEO_NTN,Sat_LIVE-SIMULAT-004-010,1280.0,1080.0,15.62,9
21600,Hour 6.0,LEO_NTN,Sat_LIVE-SIMULAT-005-010,1280.0,880.0,31.25,44
21600,Hour 6.0,LEO_NTN,Sat_LIVE-SIMULAT-000-011,1280.0,960.0,25.0,30
21600,Hour 6.0,LEO_NTN,Sat_LIVE-SIMULAT-068-011,1280.0,1160.0,9.38,12
21600,Hour 6.0,LEO_NTN,Sat_LIVE-SIMULAT-009-009,1280.0,1120.0,12.5,8
21600,Hour 6.0,LEO_NTN,Sat_LIVE-SIMULAT-002-011,1280.0,1240.0,3.12,2
21600,Hour 6.0,LEO_NTN,Sat_LIVE-SIMULAT-067-011,1280.0,1200.0,6.25,3
21600,Hour 6.0,LEO_NTN,Sat_LIVE-SIMULAT-006-010,1280.0,1040.0,18.75,18
21600,Hour 6.0,LEO_NTN,Sat_LIVE-SIMULAT-066-011,1280.0,1240.0,3.12,1
21600,Hour 6.0,LEO_NTN,Sat_LIVE-SIMULAT-014-008,1280.0,1240.0,3.12,3
25200,Hour 7.0,5G_TN,Tower_0,100.0,57.7912618770406,42.21,15
25200,Hour 7.0,5G_TN,Tower_1,100.0,95.73514014071358,4.26,4
25200,Hour 7.0,5G_TN,Tower_2,100.0,64.71984016876006,35.28,12
25200,Hour 7.0,5G_TN,Tower_3,100.0,76.19496816808729,23.81,8
25200,Hour 7.0,5G_TN,Tower_4,100.0,92.14158013350092,7.86,4
25200,Hour 7.0,5G_TN,Tower_5,100.0,83.74154067485351,16.26,6
25200,Hour 7.0,5G_TN,Tower_6,100.0,80.05811188199195,19.94,9
25200,Hour 7.0,5G_TN,Tower_7,100.0,99.21260948562328,0.79,3
25200,Hour 7.0,5G_TN,Tower_8,100.0,87.13541525904856,12.86,9
25200,Hour 7.0,5G_TN,Tower_9,100.0,98.68349651124078,1.32,6
25200,Hour 7.0,5G_TN,Tower_10,100.0,96.62058099420696,3.38,4
25200,Hour 7.0,5G_TN,Tower_11,100.0,100.0,0.0,0
25200,Hour 7.0,5G_TN,Tower_12,100.0,82.91315633120837,17.09,5
25200,Hour 7.0,5G_TN,Tower_13,100.0,81.25164319435795,18.75,10
25200,Hour 7.0,5G_TN,Tower_14,100.0,99.55496315828893,0.45,3
25200,Hour 7.0,5G_TN,Tower_15,100.0,82.53904018193086,17.46,7
25200,Hour 7.0,5G_TN,Tower_16,100.0,67.45054547889384,32.55,13
25200,Hour 7.0,5G_TN,Tower_17,100.0,83.94331501678722,16.06,14
25200,Hour 7.0,5G_TN,Tower_18,100.0,81.25860720672014,18.74,7
25200,Hour 7.0,5G_TN,Tower_19,100.0,86.85617217651213,13.14,4
25200,Hour 7.0,5G_TN,Tower_20,100.0,73.11169486171866,26.89,14
25200,Hour 7.0,5G_TN,Tower_21,100.0,52.16625307317408,47.83,13
25200,Hour 7.0,5G_TN,Tower_22,100.0,92.12354741613842,7.88,12
25200,Hour 7.0,5G_TN,Tower_23,100.0,78.40810361574087,21.59,9
25200,Hour 7.0,5G_TN,Tower_24,100.0,82.93877069447883,17.06,5
25200,Hour 7.0,5G_TN,Tower_25,100.0,93.10624121554024,6.89,5
25200,Hour 7.0,5G_TN,Tower_26,100.0,94.72738185953132,5.27,4
25200,Hour 7.0,5G_TN,Tower_27,100.0,88.76731005269974,11.23,9
25200,Hour 7.0,5G_TN,Tower_28,100.0,90.36090330432187,9.64,9
25200,Hour 7.0,5G_TN,Tower_29,100.0,79.3624900780253,20.64,3
25200,Hour 7.0,5G_TN,Tower_30,100.0,86.97179029349293,13.03,9
25200,Hour 7.0,5G_TN,Tower_31,100.0,78.39782648920051,21.6,8
25200,Hour 7.0,5G_TN,Tower_32,100.0,95.64905667129564,4.35,10
25200,Hour 7.0,5G_TN,Tower_33,100.0,97.37502904407525,2.62,1
25200,Hour 7.0,5G_TN,Tower_34,100.0,99.71461743359185,0.29,4
25200,Hour 7.0,5G_TN,Tower_35,100.0,95.39451412135357,4.61,5
25200,Hour 7.0,LEO_NTN,Sat_LIVE-SIMULAT-015-017,1280.0,800.0,37.5,259
25200,Hour 7.0,LEO_NTN,Sat_LIVE-SIMULAT-069-020,1280.0,1120.0,12.5,74
25200,Hour 7.0,LEO_NTN,Sat_LIVE-SIMULAT-009-018,1280.0,960.0,25.0,33
25200,Hour 7.0,LEO_NTN,Sat_LIVE-SIMULAT-016-017,1280.0,1200.0,6.25,13
25200,Hour 7.0,LEO_NTN,Sat_LIVE-SIMULAT-000-020,1280.0,1000.0,21.88,40
25200,Hour 7.0,LEO_NTN,Sat_LIVE-SIMULAT-010-018,1280.0,1080.0,15.62,23
25200,Hour 7.0,LEO_NTN,Sat_LIVE-SIMULAT-004-019,1280.0,880.0,31.25,53
25200,Hour 7.0,LEO_NTN,Sat_LIVE-SIMULAT-008-018,1280.0,1040.0,18.75,27
25200,Hour 7.0,LEO_NTN,Sat_LIVE-SIMULAT-003-019,1280.0,1080.0,15.62,21
25200,Hour 7.0,LEO_NTN,Sat_LIVE-SIMULAT-070-019,1280.0,1080.0,15.62,8
25200,Hour 7.0,LEO_NTN,Sat_LIVE-SIMULAT-014-017,1280.0,1040.0,18.75,22
25200,Hour 7.0,LEO_NTN,Sat_LIVE-SIMULAT-001-020,1280.0,1120.0,12.5,12
25200,Hour 7.0,LEO_NTN,Sat_LIVE-SIMULAT-071-019,1280.0,1040.0,18.75,21
25200,Hour 7.0,LEO_NTN,Sat_LIVE-SIMULAT-005-019,1280.0,1200.0,6.25,4
25200,Hour 7.0,LEO_NTN,Sat_LIVE-SIMULAT-002-019,1280.0,1240.0,3.12,2
25200,Hour 7.0,LEO_NTN,Sat_LIVE-SIMULAT-007-018,1280.0,1240.0,3.12,1
28800,Hour 8.0,5G_TN,Tower_0,100.0,75.92980436921258,24.07,10
28800,Hour 8.0,5G_TN,Tower_1,100.0,75.04399384158823,24.96,6
28800,Hour 8.0,5G_TN,Tower_2,100.0,63.24490648252221,36.76,9
28800,Hour 8.0,5G_TN,Tower_3,100.0,95.05403243314184,4.95,4
28800,Hour 8.0,5G_TN,Tower_4,100.0,75.03181888024685,24.97,6
28800,Hour 8.0,5G_TN,Tower_5,100.0,77.13699851104047,22.86,6
28800,Hour 8.0,5G_TN,Tower_6,100.0,44.16426514055346,55.84,14
28800,Hour 8.0,5G_TN,Tower_7,100.0,86.43672774551996,13.56,4
28800,Hour 8.0,5G_TN,Tower_8,100.0,85.95067702340539,14.05,5
28800,Hour 8.0,5G_TN,Tower_9,100.0,82.99756068358931,17.0,7
28800,Hour 8.0,5G_TN,Tower_10,100.0,96.95086626684576,3.05,3
28800,Hour 8.0,5G_TN,Tower_11,100.0,81.68196029134737,18.32,3
28800,Hour 8.0,5G_TN,Tower_12,100.0,49.041823903006836,50.96,8
28800,Hour 8.0,5G_TN,Tower_13,100.0,71.80104245793427,28.2,12
28800,Hour 8.0,5G_TN,Tower_14,100.0,77.87294365815399,22.13,4
28800,Hour 8.0,5G_TN,Tower_15,100.0,58.61506553513642,41.38,6
28800,Hour 8.0,5G_TN,Tower_16,100.0,25.375881728141177,74.62,14
28800,Hour 8.0,5G_TN,Tower_17,100.0,66.32150431521667,33.68,10
28800,Hour 8.0,5G_TN,Tower_18,100.0,90.33218981118688,9.67,3
28800,Hour 8.0,5G_TN,Tower_19,100.0,83.6086272577629,16.39,3
28800,Hour 8.0,5G_TN,Tower_20,100.0,86.63125697069628,13.37,11
28800,Hour 8.0,5G_TN,Tower_21,100.0,76.59232254281883,23.41,12
28800,Hour 8.0,5G_TN,Tower_22,100.0,79.84477829165992,20.16,12
28800,Hour 8.0,5G_TN,Tower_23,100.0,70.94339532481052,29.06,9
28800,Hour 8.0,5G_TN,Tower_24,100.0,66.6315103605651,33.37,6
28800,Hour 8.0,5G_TN,Tower_25,100.0,92.6797580826396,7.32,2
28800,Hour 8.0,5G_TN,Tower_26,100.0,72.33432755953308,27.67,7
28800,Hour 8.0,5G_TN,Tower_27,100.0,86.0316343983544,13.97,8
28800,Hour 8.0,5G_TN,Tower_28,100.0,95.01686207505185,4.98,3
28800,Hour 8.0,5G_TN,Tower_29,100.0,70.96171658109223,29.04,5
28800,Hour 8.0,5G_TN,Tower_30,100.0,71.11456251741714,28.89,8
28800,Hour 8.0,5G_TN,Tower_31,100.0,90.44011044844571,9.56,8
28800,Hour 8.0,5G_TN,Tower_32,100.0,88.82298280103991,11.18,9
28800,Hour 8.0,5G_TN,Tower_33,100.0,89.88241220974015,10.12,4
28800,Hour 8.0,5G_TN,Tower_34,100.0,96.8259280409646,3.17,5
28800,Hour 8.0,5G_TN,Tower_35,100.0,96.36836868515869,3.63,6
28800,Hour 8.0,LEO_NTN,Sat_LIVE-SIMULAT-001-007,1280.0,1200.0,6.25,110
28800,Hour 8.0,LEO_NTN,Sat_LIVE-SIMULAT-000-007,1280.0,1160.0,9.38,69
28800,Hour 8.0,LEO_NTN,Sat_LIVE-SIMULAT-019-003,1280.0,1000.0,21.88,107
28800,Hour 8.0,LEO_NTN,Sat_LIVE-SIMULAT-018-003,1280.0,840.0,34.38,93
28800,Hour 8.0,LEO_NTN,Sat_LIVE-SIMULAT-013-004,1280.0,1040.0,18.75,22
28800,Hour 8.0,LEO_NTN,Sat_LIVE-SIMULAT-003-006,1280.0,1000.0,21.88,33
28800,Hour 8.0,LEO_NTN,Sat_LIVE-SIMULAT-012-004,1280.0,1040.0,18.75,29
28800,Hour 8.0,LEO_NTN,Sat_LIVE-SIMULAT-004-006,1280.0,960.0,25.0,39
28800,Hour 8.0,LEO_NTN,Sat_LIVE-SIMULAT-008-005,1280.0,920.0,28.12,39
28800,Hour 8.0,LEO_NTN,Sat_LIVE-SIMULAT-014-004,1280.0,1160.0,9.38,11
28800,Hour 8.0,LEO_NTN,Sat_LIVE-SIMULAT-007-005,1280.0,880.0,31.25,45
28800,Hour 8.0,LEO_NTN,Sat_LIVE-SIMULAT-002-006,1280.0,1000.0,21.88,20
28800,Hour 8.0,LEO_NTN,Sat_LIVE-SIMULAT-006-005,1280.0,1200.0,6.25,9
28800,Hour 8.0,LEO_NTN,Sat_LIVE-SIMULAT-011-004,1280.0,1200.0,6.25,4
28800,Hour 8.0,LEO_NTN,Sat_LIVE-SIMULAT-009-005,1280.0,1200.0,6.25,2
32400,Hour 9.0,5G_TN,Tower_0,100.0,38.090094205011674,61.91,9
32400,Hour 9.0,5G_TN,Tower_1,100.0,50.38656393283106,49.61,8
32400,Hour 9.0,5G_TN,Tower_2,100.0,75.01530233854919,24.98,8
32400,Hour 9.0,5G_TN,Tower_3,100.0,43.78083258785312,56.22,10
32400,Hour 9.0,5G_TN,Tower_4,100.0,91.21968951570449,8.78,2
32400,Hour 9.0,5G_TN,Tower_5,100.0,75.57873688307342,24.42,4
32400,Hour 9.0,5G_TN,Tower_6,100.0,42.284868538481525,57.72,12
32400,Hour 9.0,5G_TN,Tower_7,100.0,94.56944641438031,5.43,4
32400,Hour 9.0,5G_TN,Tower_8,100.0,52.423721016756254,47.58,6
32400,Hour 9.0,5G_TN,Tower_9,100.0,48.279124697000334,51.72,9
32400,Hour 9.0,5G_TN,Tower_10,100.0,93.61993230288674,6.38,3
32400,Hour 9.0,5G_TN,Tower_11,100.0,98.43969346896394,1.56,4
32400,Hour 9.0,5G_TN,Tower_12,100.0,27.545339751245596,72.45,15
32400,Hour 9.0,5G_TN,Tower_13,100.0,68.07828967886074,31.92,13
32400,Hour 9.0,5G_TN,Tower_14,100.0,87.66906418731357,12.33,4
32400,Hour 9.0,5G_TN,Tower_15,100.0,48.425580572428196,51.57,8
32400,Hour 9.0,5G_TN,Tower_16,100.0,16.209162939799644,83.79,15
32400,Hour 9.0,5G_TN,Tower_17,100.0,28.095342376634818,71.9,13
32400,Hour 9.0,5G_TN,Tower_18,100.0,46.77834884788033,53.22,5
32400,Hour 9.0,5G_TN,Tower_19,100.0,85.84991159835792,14.15,3
32400,Hour 9.0,5G_TN,Tower_20,100.0,1.256886270969525,98.74,13
32400,Hour 9.0,5G_TN,Tower_21,100.0,27.34889154644554,72.65,15
32400,Hour 9.0,5G_TN,Tower_22,100.0,50.955470392760574,49.04,13
32400,Hour 9.0,5G_TN,Tower_23,100.0,66.03383568147453,33.97,9
32400,Hour 9.0,5G_TN,Tower_24,100.0,83.19369962191827,16.81,5
32400,Hour 9.0,5G_TN,Tower_25,100.0,95.65232745055953,4.35,1
32400,Hour 9.0,5G_TN,Tower_26,100.0,97.17171141089266,2.83,2
32400,Hour 9.0,5G_TN,Tower_27,100.0,72.60914799755832,27.39,9
32400,Hour 9.0,5G_TN,Tower_28,100.0,66.06089183566245,33.94,8
32400,Hour 9.0,5G_TN,Tower_29,100.0,88.85758622382795,11.14,4
32400,Hour 9.0,5G_TN,Tower_30,100.0,77.34514248790941,22.65,7
32400,Hour 9.0,5G_TN,Tower_31,100.0,70.16986608294577,29.83,8
32400,Hour 9.0,5G_TN,Tower_32,100.0,96.2181447926332,3.78,6
32400,Hour 9.0,5G_TN,Tower_33,100.0,58.90780226070444,41.09,6
32400,Hour 9.0,5G_TN,Tower_34,100.0,98.42935765268217,1.57,5
32400,Hour 9.0,5G_TN,Tower_35,100.0,97.76893466338873,2.23,5
32400,Hour 9.0,LEO_NTN,Sat_LIVE-SIMULAT-004-015,1280.0,1080.0,15.62,167
32400,Hour 9.0,LEO_NTN,Sat_LIVE-SIMULAT-022-011,1280.0,840.0,34.38,150
32400,Hour 9.0,LEO_NTN,Sat_LIVE-SIMULAT-023-011,1280.0,1160.0,9.38,40
32400,Hour 9.0,LEO_NTN,Sat_LIVE-SIMULAT-007-014,1280.0,960.0,25.0,55
32400,Hour 9.0,LEO_NTN,Sat_LIVE-SIMULAT-021-011,1280.0,1120.0,12.5,13
32400,Hour 9.0,LEO_NTN,Sat_LIVE-SIMULAT-017-012,1280.0,1080.0,15.62,23
32400,Hour 9.0,LEO_NTN,Sat_LIVE-SIMULAT-015-012,1280.0,1160.0,9.38,14
32400,Hour 9.0,LEO_NTN,Sat_LIVE-SIMULAT-011-013,1280.0,840.0,34.38,61
32400,Hour 9.0,LEO_NTN,Sat_LIVE-SIMULAT-012-013,1280.0,1040.0,18.75,20
32400,Hour 9.0,LEO_NTN,Sat_LIVE-SIMULAT-010-013,1280.0,1080.0,15.62,22
32400,Hour 9.0,LEO_NTN,Sat_LIVE-SIMULAT-006-014,1280.0,1000.0,21.88,25
32400,Hour 9.0,LEO_NTN,Sat_LIVE-SIMULAT-005-014,1280.0,1120.0,12.5,6
32400,Hour 9.0,LEO_NTN,Sat_LIVE-SIMULAT-016-012,1280.0,1120.0,12.5,12
32400,Hour 9.0,LEO_NTN,Sat_LIVE-SIMULAT-008-014,1280.0,1000.0,21.88,21
36000,Hour 10.0,5G_TN,Tower_0,100.0,22.98960167891713,77.01,14
36000,Hour 10.0,5G_TN,Tower_1,100.0,55.709220626655465,44.29,10
36000,Hour 10.0,5G_TN,Tower_2,100.0,85.34055703584887,14.66,8
36000,Hour 10.0,5G_TN,Tower_3,100.0,71.58525231042657,28.41,10
36000,Hour 10.0,5G_TN,Tower_4,100.0,96.55225439870945,3.45,2
36000,Hour 10.0,5G_TN,Tower_5,100.0,41.80969720409179,58.19,7
36000,Hour 10.0,5G_TN,Tower_6,100.0,59.758022709697144,40.24,12
36000,Hour 10.0,5G_TN,Tower_7,100.0,84.81935642897507,15.18,5
36000,Hour 10.0,5G_TN,Tower_8,100.0,82.57068220011801,17.43,6
36000,Hour 10.0,5G_TN,Tower_9,100.0,59.07067229114544,40.93,7
36000,Hour 10.0,5G_TN,Tower_10,100.0,89.70448978062741,10.3,2
36000,Hour 10.0,5G_TN,Tower_11,100.0,98.6390066751973,1.36,3
36000,Hour 10.0,5G_TN,Tower_12,100.0,55.10417519657154,44.9,10
36000,Hour 10.0,5G_TN,Tower_13,100.0,87.29300196811721,12.71,5
36000,Hour 10.0,5G_TN,Tower_14,100.0,89.28614457278356,10.71,3
36000,Hour 10.0,5G_TN,Tower_15,100.0,53.875391816509676,46.12,5
36000,Hour 10.0,5G_TN,Tower_16,100.0,37.39323449950057,62.61,15
36000,Hour 10.0,5G_TN,Tower_17,100.0,0.0,100.0,15
36000,Hour 10.0,5G_TN,Tower_18,100.0,37.20877663693373,62.79,5
36000,Hour 10.0,5G_TN,Tower_19,100.0,99.2748054538477,0.73,2
36000,Hour 10.0,5G_TN,Tower_20,100.0,0.0,100.0,15
36000,Hour 10.0,5G_TN,Tower_21,100.0,0.0,100.0,20
36000,Hour 10.0,5G_TN,Tower_22,100.0,77.84939109764916,22.15,12
36000,Hour 10.0,5G_TN,Tower_23,100.0,48.94858005657256,51.05,8
36000,Hour 10.0,5G_TN,Tower_24,100.0,66.76610396415074,33.23,6
36000,Hour 10.0,5G_TN,Tower_25,100.0,83.59315925848797,16.41,2
36000,Hour 10.0,5G_TN,Tower_26,100.0,85.59163611266561,14.41,3
36000,Hour 10.0,5G_TN,Tower_27,100.0,64.77093853838755,35.23,11
36000,Hour 10.0,5G_TN,Tower_28,100.0,64.61188316522255,35.39,6
36000,Hour 10.0,5G_TN,Tower_29,100.0,74.78492518515648,25.22,5
36000,Hour 10.0,5G_TN,Tower_30,100.0,62.1935574877606,37.81,8
36000,Hour 10.0,5G_TN,Tower_31,100.0,49.331194819032966,50.67,8
36000,Hour 10.0,5G_TN,Tower_32,100.0,88.52416254506457,11.48,6
36000,Hour 10.0,5G_TN,Tower_33,100.0,85.75884687400382,14.24,3
36000,Hour 10.0,5G_TN,Tower_34,100.0,96.92876046653438,3.07,5
36000,Hour 10.0,5G_TN,Tower_35,100.0,96.66335396918149,3.34,5
36000,Hour 10.0,LEO_NTN,Sat_LIVE-SIMULAT-008-001,1280.0,1200.0,6.25,118
36000,Hour 10.0,LEO_NTN,Sat_LIVE-SIMULAT-025-019,1280.0,880.0,31.25,135
36000,Hour 10.0,LEO_NTN,Sat_LIVE-SIMULAT-026-019,1280.0,1000.0,21.88,73
36000,Hour 10.0,LEO_NTN,Sat_LIVE-SIMULAT-020-020,1280.0,1040.0,18.75,34
36000,Hour 10.0,LEO_NTN,Sat_LIVE-SIMULAT-021-020,1280.0,1040.0,18.75,28
36000,Hour 10.0,LEO_NTN,Sat_LIVE-SIMULAT-014-021,1280.0,1000.0,21.88,31
36000,Hour 10.0,LEO_NTN,Sat_LIVE-SIMULAT-019-020,1280.0,1000.0,21.88,27
36000,Hour 10.0,LEO_NTN,Sat_LIVE-SIMULAT-011-000,1280.0,960.0,25.0,43
36000,Hour 10.0,LEO_NTN,Sat_LIVE-SIMULAT-015-021,1280.0,840.0,34.38,56
36000,Hour 10.0,LEO_NTN,Sat_LIVE-SIMULAT-016-021,1280.0,1080.0,15.62,21
36000,Hour 10.0,LEO_NTN,Sat_LIVE-SIMULAT-007-001,1280.0,1200.0,6.25,16
36000,Hour 10.0,LEO_NTN,Sat_LIVE-SIMULAT-009-000,1280.0,1040.0,18.75,10
36000,Hour 10.0,LEO_NTN,Sat_LIVE-SIMULAT-010-000,1280.0,1080.0,15.62,20
36000,Hour 10.0,LEO_NTN,Sat_LIVE-SIMULAT-012-000,1280.0,1240.0,3.12,1
39600,Hour 11.0,5G_TN,Tower_0,100.0,68.75946627801024,31.24,10
39600,Hour 11.0,5G_TN,Tower_1,100.0,82.23813035110173,17.76,6
39600,Hour 11.0,5G_TN,Tower_2,100.0,34.91156417251262,65.09,10
39600,Hour 11.0,5G_TN,Tower_3,100.0,76.73966912817691,23.26,8
39600,Hour 11.0,5G_TN,Tower_4,100.0,84.84385021215076,15.16,4
39600,Hour 11.0,5G_TN,Tower_5,100.0,86.51509914382017,13.48,6
39600,Hour 11.0,5G_TN,Tower_6,100.0,59.80173877132463,40.2,10
39600,Hour 11.0,5G_TN,Tower_7,100.0,95.1519664276344,4.85,3
39600,Hour 11.0,5G_TN,Tower_8,100.0,63.173703028329285,36.83,5
39600,Hour 11.0,5G_TN,Tower_9,100.0,91.35123393863016,8.65,6
39600,Hour 11.0,5G_TN,Tower_10,100.0,97.58955413749239,2.41,3
39600,Hour 11.0,5G_TN,Tower_11,100.0,98.82292398559862,1.18,4
39600,Hour 11.0,5G_TN,Tower_12,100.0,32.970181166747246,67.03,9
39600,Hour 11.0,5G_TN,Tower_13,100.0,79.82530343020454,20.17,10
39600,Hour 11.0,5G_TN,Tower_14,100.0,90.34758954471073,9.65,4
39600,Hour 11.0,5G_TN,Tower_15,100.0,3.364730309243418,96.64,11
39600,Hour 11.0,5G_TN,Tower_16,100.0,11.034539488669422,88.97,13
39600,Hour 11.0,5G_TN,Tower_17,100.0,43.84520554926184,56.15,16
39600,Hour 11.0,5G_TN,Tower_18,100.0,11.537488098332412,88.46,5
39600,Hour 11.0,5G_TN,Tower_19,100.0,26.30437653461027,73.7,4
39600,Hour 11.0,5G_TN,Tower_20,100.0,42.65047259291124,57.35,12
39600,Hour 11.0,5G_TN,Tower_21,100.0,52.926919018263504,47.07,9
39600,Hour 11.0,5G_TN,Tower_22,100.0,42.22907751253048,57.77,17
39600,Hour 11.0,5G_TN,Tower_23,100.0,59.47350734707445,40.53,8
39600,Hour 11.0,5G_TN,Tower_24,100.0,58.51204753231036,41.49,5
39600,Hour 11.0,5G_TN,Tower_25,100.0,75.80631485905667,24.19,7
39600,Hour 11.0,5G_TN,Tower_26,100.0,92.10304480129138,7.9,4
39600,Hour 11.0,5G_TN,Tower_27,100.0,51.8214295358877,48.18,9
39600,Hour 11.0,5G_TN,Tower_28,100.0,88.7297828801622,11.27,7
39600,Hour 11.0,5G_TN,Tower_29,100.0,59.83566306839704,40.16,6
39600,Hour 11.0,5G_TN,Tower_30,100.0,58.73695372111115,41.26,8
39600,Hour 11.0,5G_TN,Tower_31,100.0,36.821075717558394,63.18,10
39600,Hour 11.0,5G_TN,Tower_32,100.0,63.91088193191729,36.09,6
39600,Hour 11.0,5G_TN,Tower_33,100.0,82.73405480788765,17.27,2
39600,Hour 11.0,5G_TN,Tower_34,100.0,96.60760518766293,3.39,6
39600,Hour 11.0,5G_TN,Tower_35,100.0,94.74104593402105,5.26,4
39600,Hour 11.0,LEO_NTN,Sat_LIVE-SIMULAT-029-005,1280.0,1160.0,9.38,101
39600,Hour 11.0,LEO_NTN,Sat_LIVE-SIMULAT-011-009,1280.0,760.0,40.62,180
39600,Hour 11.0,LEO_NTN,Sat_LIVE-SIMULAT-012-009,1280.0,1120.0,12.5,57
39600,Hour 11.0,LEO_NTN,Sat_LIVE-SIMULAT-014-008,1280.0,1120.0,12.5,19
39600,Hour 11.0,LEO_NTN,Sat_LIVE-SIMULAT-024-006,1280.0,920.0,28.12,55
39600,Hour 11.0,LEO_NTN,Sat_LIVE-SIMULAT-013-008,1280.0,1080.0,15.62,23
39600,Hour 11.0,LEO_NTN,Sat_LIVE-SIMULAT-018-007,1280.0,840.0,34.38,58
39600,Hour 11.0,LEO_NTN,Sat_LIVE-SIMULAT-019-007,1280.0,920.0,28.12,37
39600,Hour 11.0,LEO_NTN,Sat_LIVE-SIMULAT-022-006,1280.0,1160.0,9.38,7
39600,Hour 11.0,LEO_NTN,Sat_LIVE-SIMULAT-015-008,1280.0,1120.0,12.5,13
39600,Hour 11.0,LEO_NTN,Sat_LIVE-SIMULAT-028-005,1280.0,1240.0,3.12,8
39600,Hour 11.0,LEO_NTN,Sat_LIVE-SIMULAT-023-006,1280.0,960.0,25.0,27
39600,Hour 11.0,LEO_NTN,Sat_LIVE-SIMULAT-025-006,1280.0,1120.0,12.5,13
39600,Hour 11.0,LEO_NTN,Sat_LIVE-SIMULAT-010-009,1280.0,1200.0,6.25,10
39600,Hour 11.0,LEO_NTN,Sat_LIVE-SIMULAT-020-007,1280.0,1200.0,6.25,2
39600,Hour 11.0,LEO_NTN,Sat_LIVE-SIMULAT-017-007,1280.0,1240.0,3.12,2
39600,Hour 11.0,LEO_NTN,Sat_LIVE-SIMULAT-012-008,1280.0,1240.0,3.12,1
43200,Hour 12.0,5G_TN,Tower_0,100.0,20.86165578851264,79.14,11
43200,Hour 12.0,5G_TN,Tower_1,100.0,22.401447461253873,77.6,6
43200,Hour 12.0,5G_TN,Tower_2,100.0,57.11998165230592,42.88,8
43200,Hour 12.0,5G_TN,Tower_3,100.0,95.46784574848273,4.53,7
43200,Hour 12.0,5G_TN,Tower_4,100.0,85.79172519976541,14.21,4
43200,Hour 12.0,5G_TN,Tower_5,100.0,98.39207262907539,1.61,1
43200,Hour 12.0,5G_TN,Tower_6,100.0,48.344443254108384,51.66,16
43200,Hour 12.0,5G_TN,Tower_7,100.0,53.969862365910785,46.03,2
43200,Hour 12.0,5G_TN,Tower_8,100.0,33.90488999882639,66.1,8
43200,Hour 12.0,5G_TN,Tower_9,100.0,25.432447933624363,74.57,10
43200,Hour 12.0,5G_TN,Tower_10,100.0,97.31807957362574,2.68,2
43200,Hour 12.0,5G_TN,Tower_11,100.0,98.45244912552768,1.55,3
43200,Hour 12.0,5G_TN,Tower_12,100.0,0.0,100.0,10
43200,Hour 12.0,5G_TN,Tower_13,100.0,71.19978254229953,28.8,12
43200,Hour 12.0,5G_TN,Tower_14,100.0,91.54946983391534,8.45,3
43200,Hour 12.0,5G_TN,Tower_15,100.0,76.27006320661782,23.73,6
43200,Hour 12.0,5G_TN,Tower_16,100.0,0.0,100.0,11
43200,Hour 12.0,5G_TN,Tower_17,100.0,6.382537914083186,93.62,14
43200,Hour 12.0,5G_TN,Tower_18,100.0,69.23102025464293,30.77,5
43200,Hour 12.0,5G_TN,Tower_19,100.0,90.93278150092159,9.07,4
43200,Hour 12.0,5G_TN,Tower_20,100.0,31.957180222984736,68.04,9
43200,Hour 12.0,5G_TN,Tower_21,100.0,0.0,100.0,14
43200,Hour 12.0,5G_TN,Tower_22,100.0,76.60991926231365,23.39,9
43200,Hour 12.0,5G_TN,Tower_23,100.0,14.86102181763691,85.14,8
43200,Hour 12.0,5G_TN,Tower_24,100.0,53.47627246420686,46.52,2
43200,Hour 12.0,5G_TN,Tower_25,100.0,97.44065281339036,2.56,2
43200,Hour 12.0,5G_TN,Tower_26,100.0,93.18519892870303,6.81,4
43200,Hour 12.0,5G_TN,Tower_27,100.0,58.23550481305057,41.76,10
43200,Hour 12.0,5G_TN,Tower_28,100.0,69.8957514032593,30.1,4
43200,Hour 12.0,5G_TN,Tower_29,100.0,94.6142680468076,5.39,3
43200,Hour 12.0,5G_TN,Tower_30,100.0,65.27147840478601,34.73,5
43200,Hour 12.0,5G_TN,Tower_31,100.0,62.73910789330977,37.26,11
43200,Hour 12.0,5G_TN,Tower_32,100.0,81.54665460200765,18.45,6
43200,Hour 12.0,5G_TN,Tower_33,100.0,85.9186205201789,14.08,5
43200,Hour 12.0,5G_TN,Tower_34,100.0,92.78231039320818,7.22,7
43200,Hour 12.0,5G_TN,Tower_35,100.0,88.53076514213924,11.47,4
43200,Hour 12.0,LEO_NTN,Sat_LIVE-SIMULAT-015-017,1280.0,880.0,31.25,197
43200,Hour 12.0,LEO_NTN,Sat_LIVE-SIMULAT-032-013,1280.0,1120.0,12.5,75
43200,Hour 12.0,LEO_NTN,Sat_LIVE-SIMULAT-014-017,1280.0,920.0,28.12,79
43200,Hour 12.0,LEO_NTN,Sat_LIVE-SIMULAT-018-016,1280.0,1040.0,18.75,31
43200,Hour 12.0,LEO_NTN,Sat_LIVE-SIMULAT-016-016,1280.0,1160.0,9.38,8
43200,Hour 12.0,LEO_NTN,Sat_LIVE-SIMULAT-028-014,1280.0,920.0,28.12,48
43200,Hour 12.0,LEO_NTN,Sat_LIVE-SIMULAT-022-015,1280.0,800.0,37.5,56
43200,Hour 12.0,LEO_NTN,Sat_LIVE-SIMULAT-023-015,1280.0,1000.0,21.88,23
43200,Hour 12.0,LEO_NTN,Sat_LIVE-SIMULAT-021-015,1280.0,1160.0,9.38,17
43200,Hour 12.0,LEO_NTN,Sat_LIVE-SIMULAT-027-014,1280.0,1000.0,21.88,24
43200,Hour 12.0,LEO_NTN,Sat_LIVE-SIMULAT-017-016,1280.0,1080.0,15.62,24
43200,Hour 12.0,LEO_NTN,Sat_LIVE-SIMULAT-026-014,1280.0,1040.0,18.75,19
43200,Hour 12.0,LEO_NTN,Sat_LIVE-SIMULAT-019-016,1280.0,1200.0,6.25,6
43200,Hour 12.0,LEO_NTN,Sat_LIVE-SIMULAT-029-014,1280.0,1240.0,3.12,1
46800,Hour 13.0,5G_TN,Tower_0,100.0,26.97914595269629,73.02,12
46800,Hour 13.0,5G_TN,Tower_1,100.0,97.02299201224598,2.98,5
46800,Hour 13.0,5G_TN,Tower_2,100.0,23.104503246826276,76.9,11
46800,Hour 13.0,5G_TN,Tower_3,100.0,49.981504424563276,50.02,9
46800,Hour 13.0,5G_TN,Tower_4,100.0,91.5889057119729,8.41,4
46800,Hour 13.0,5G_TN,Tower_5,100.0,68.28796927258138,31.71,5
46800,Hour 13.0,5G_TN,Tower_6,100.0,33.644523988430294,66.36,17
46800,Hour 13.0,5G_TN,Tower_7,100.0,53.62564456974195,46.37,4
46800,Hour 13.0,5G_TN,Tower_8,100.0,61.98614288753581,38.01,7
46800,Hour 13.0,5G_TN,Tower_9,100.0,79.1552016257991,20.84,9
46800,Hour 13.0,5G_TN,Tower_10,100.0,91.42156828478194,8.58,5
46800,Hour 13.0,5G_TN,Tower_11,100.0,97.60963615926684,2.39,5
46800,Hour 13.0,5G_TN,Tower_12,100.0,0.0,100.0,9
46800,Hour 13.0,5G_TN,Tower_13,100.0,26.611367784137652,73.39,11
46800,Hour 13.0,5G_TN,Tower_14,100.0,97.50014172298383,2.5,2
46800,Hour 13.0,5G_TN,Tower_15,100.0,82.81256002242246,17.19,6
46800,Hour 13.0,5G_TN,Tower_16,100.0,35.941623916070284,64.06,11
46800,Hour 13.0,5G_TN,Tower_17,100.0,31.858666951187153,68.14,13
46800,Hour 13.0,5G_TN,Tower_18,100.0,86.35264953460597,13.65,4
46800,Hour 13.0,5G_TN,Tower_19,100.0,63.42751152405514,36.57,3
46800,Hour 13.0,5G_TN,Tower_20,100.0,0.0,100.0,13
46800,Hour 13.0,5G_TN,Tower_21,100.0,0.0,100.0,12
46800,Hour 13.0,5G_TN,Tower_22,100.0,73.56208205889722,26.44,10
46800,Hour 13.0,5G_TN,Tower_23,100.0,34.9714106362537,65.03,10
46800,Hour 13.0,5G_TN,Tower_24,100.0,66.82522477928894,33.17,5
46800,Hour 13.0,5G_TN,Tower_25,100.0,79.5682283661421,20.43,4
46800,Hour 13.0,5G_TN,Tower_26,100.0,94.41100332019735,5.59,3
46800,Hour 13.0,5G_TN,Tower_27,100.0,59.990345130537726,40.01,8
46800,Hour 13.0,5G_TN,Tower_28,100.0,78.13299710678167,21.87,6
46800,Hour 13.0,5G_TN,Tower_29,100.0,99.73129391314903,0.27,1
46800,Hour 13.0,5G_TN,Tower_30,100.0,58.264507052680756,41.74,4
46800,Hour 13.0,5G_TN,Tower_31,100.0,68.91615167874821,31.08,10
46800,Hour 13.0,5G_TN,Tower_32,100.0,48.25457855492883,51.75,9
46800,Hour 13.0,5G_TN,Tower_33,100.0,59.97762712929024,40.02,8
46800,Hour 13.0,5G_TN,Tower_34,100.0,98.02274318109335,1.98,5
46800,Hour 13.0,5G_TN,Tower_35,100.0,97.30355576658202,2.7,2
46800,Hour 13.0,LEO_NTN,Sat_LIVE-SIMULAT-018-003,1280.0,760.0,40.62,259
46800,Hour 13.0,LEO_NTN,Sat_LIVE-SIMULAT-036-021,1280.0,1200.0,6.25,17
46800,Hour 13.0,LEO_NTN,Sat_LIVE-SIMULAT-019-003,1280.0,1120.0,12.5,58
46800,Hour 13.0,LEO_NTN,Sat_LIVE-SIMULAT-021-002,1280.0,1000.0,21.88,33
46800,Hour 13.0,LEO_NTN,Sat_LIVE-SIMULAT-020-002,1280.0,960.0,25.0,37
46800,Hour 13.0,LEO_NTN,Sat_LIVE-SIMULAT-031-000,1280.0,1000.0,21.88,38
46800,Hour 13.0,LEO_NTN,Sat_LIVE-SIMULAT-026-001,1280.0,920.0,28.12,47
46800,Hour 13.0,LEO_NTN,Sat_LIVE-SIMULAT-025-001,1280.0,1080.0,15.62,22
46800,Hour 13.0,LEO_NTN,Sat_LIVE-SIMULAT-017-003,1280.0,1200.0,6.25,10
46800,Hour 13.0,LEO_NTN,Sat_LIVE-SIMULAT-022-002,1280.0,1080.0,15.62,21
46800,Hour 13.0,LEO_NTN,Sat_LIVE-SIMULAT-032-000,1280.0,1000.0,21.88,29
46800,Hour 13.0,LEO_NTN,Sat_LIVE-SIMULAT-035-021,1280.0,1240.0,3.12,7
46800,Hour 13.0,LEO_NTN,Sat_LIVE-SIMULAT-030-000,1280.0,1040.0,18.75,16
46800,Hour 13.0,LEO_NTN,Sat_LIVE-SIMULAT-029-000,1280.0,1240.0,3.12,2
46800,Hour 13.0,LEO_NTN,Sat_LIVE-SIMULAT-027-001,1280.0,1080.0,15.62,12
50400,Hour 14.0,5G_TN,Tower_0,100.0,48.76712630524883,51.23,6
50400,Hour 14.0,5G_TN,Tower_1,100.0,89.88270630117479,10.12,7
50400,Hour 14.0,5G_TN,Tower_2,100.0,0.0,100.0,13
50400,Hour 14.0,5G_TN,Tower_3,100.0,93.76318918764748,6.24,5
50400,Hour 14.0,5G_TN,Tower_4,100.0,81.55685630740581,18.44,5
50400,Hour 14.0,5G_TN,Tower_5,100.0,91.43899221440839,8.56,3
50400,Hour 14.0,5G_TN,Tower_6,100.0,0.0,100.0,17
50400,Hour 14.0,5G_TN,Tower_7,100.0,32.39618203887326,67.6,7
50400,Hour 14.0,5G_TN,Tower_8,100.0,58.765329320199044,41.23,4
50400,Hour 14.0,5G_TN,Tower_9,100.0,38.15477945156192,61.85,7
50400,Hour 14.0,5G_TN,Tower_10,100.0,94.24010615433815,5.76,4
50400,Hour 14.0,5G_TN,Tower_11,100.0,95.49868849124715,4.5,4
50400,Hour 14.0,5G_TN,Tower_12,100.0,0.0,100.0,13
50400,Hour 14.0,5G_TN,Tower_13,100.0,79.24121147752824,20.76,9
50400,Hour 14.0,5G_TN,Tower_14,100.0,92.66584212030256,7.33,3
50400,Hour 14.0,5G_TN,Tower_15,100.0,81.22579366738866,18.77,6
50400,Hour 14.0,5G_TN,Tower_16,100.0,73.23777737788755,26.76,7
50400,Hour 14.0,5G_TN,Tower_17,100.0,50.93737962325308,49.06,9
50400,Hour 14.0,5G_TN,Tower_18,100.0,55.235056944909765,44.76,6
50400,Hour 14.0,5G_TN,Tower_19,100.0,69.39706505935936,30.6,3
50400,Hour 14.0,5G_TN,Tower_20,100.0,0.0,100.0,14
50400,Hour 14.0,5G_TN,Tower_21,100.0,0.0,100.0,16
50400,Hour 14.0,5G_TN,Tower_22,100.0,65.56624823367213,34.43,13
50400,Hour 14.0,5G_TN,Tower_23,100.0,66.71286072029326,33.29,8
50400,Hour 14.0,5G_TN,Tower_24,100.0,63.09357363915104,36.91,5
50400,Hour 14.0,5G_TN,Tower_25,100.0,90.75472192195649,9.25,3
50400,Hour 14.0,5G_TN,Tower_26,100.0,72.02166857854539,27.98,5
50400,Hour 14.0,5G_TN,Tower_27,100.0,81.84659485102456,18.15,8
50400,Hour 14.0,5G_TN,Tower_28,100.0,71.00982914393195,28.99,7
50400,Hour 14.0,5G_TN,Tower_29,100.0,96.34555399299981,3.65,2
50400,Hour 14.0,5G_TN,Tower_30,100.0,22.35272592741505,77.65,7
50400,Hour 14.0,5G_TN,Tower_31,100.0,83.08718150587978,16.91,9
50400,Hour 14.0,5G_TN,Tower_32,100.0,78.63121370812284,21.37,9
50400,Hour 14.0,5G_TN,Tower_33,100.0,43.15159324017591,56.85,6
50400,Hour 14.0,5G_TN,Tower_34,100.0,95.15105138944674,4.85,6
50400,Hour 14.0,5G_TN,Tower_35,100.0,85.95054627538234,14.05,5
50400,Hour 14.0,LEO_NTN,Sat_LIVE-SIMULAT-022-011,1280.0,880.0,31.25,207
50400,Hour 14.0,LEO_NTN,Sat_LIVE-SIMULAT-039-007,1280.0,1120.0,12.5,70
50400,Hour 14.0,LEO_NTN,Sat_LIVE-SIMULAT-030-009,1280.0,960.0,25.0,33
50400,Hour 14.0,LEO_NTN,Sat_LIVE-SIMULAT-023-011,1280.0,1240.0,3.12,12
50400,Hour 14.0,LEO_NTN,Sat_LIVE-SIMULAT-036-008,1280.0,1120.0,12.5,26
50400,Hour 14.0,LEO_NTN,Sat_LIVE-SIMULAT-021-011,1280.0,920.0,28.12,59
50400,Hour 14.0,LEO_NTN,Sat_LIVE-SIMULAT-029-009,1280.0,1000.0,21.88,36
50400,Hour 14.0,LEO_NTN,Sat_LIVE-SIMULAT-024-010,1280.0,1000.0,21.88,41
50400,Hour 14.0,LEO_NTN,Sat_LIVE-SIMULAT-035-008,1280.0,1080.0,15.62,23
50400,Hour 14.0,LEO_NTN,Sat_LIVE-SIMULAT-025-010,1280.0,960.0,25.0,35
50400,Hour 14.0,LEO_NTN,Sat_LIVE-SIMULAT-031-009,1280.0,1120.0,12.5,9
50400,Hour 14.0,LEO_NTN,Sat_LIVE-SIMULAT-026-010,1280.0,1120.0,12.5,13
50400,Hour 14.0,LEO_NTN,Sat_LIVE-SIMULAT-020-011,1280.0,1120.0,12.5,16
50400,Hour 14.0,LEO_NTN,Sat_LIVE-SIMULAT-019-011,1280.0,1080.0,15.62,15
50400,Hour 14.0,LEO_NTN,Sat_LIVE-SIMULAT-028-009,1280.0,1200.0,6.25,2
50400,Hour 14.0,LEO_NTN,Sat_LIVE-SIMULAT-023-010,1280.0,1240.0,3.12,1
54000,Hour 15.0,5G_TN,Tower_0,100.0,41.86017760613967,58.14,13
54000,Hour 15.0,5G_TN,Tower_1,100.0,72.05781711087106,27.94,7
54000,Hour 15.0,5G_TN,Tower_2,100.0,72.49593900702409,27.5,8
54000,Hour 15.0,5G_TN,Tower_3,100.0,78.39730595557985,21.6,6
54000,Hour 15.0,5G_TN,Tower_4,100.0,91.21565781124362,8.78,3
54000,Hour 15.0,5G_TN,Tower_5,100.0,62.646525264473205,37.35,7
54000,Hour 15.0,5G_TN,Tower_6,100.0,0.0,100.0,15
54000,Hour 15.0,5G_TN,Tower_7,100.0,29.411080085859282,70.59,4
54000,Hour 15.0,5G_TN,Tower_8,100.0,64.64225422559126,35.36,6
54000,Hour 15.0,5G_TN,Tower_9,100.0,76.55616921366708,23.44,6
54000,Hour 15.0,5G_TN,Tower_10,100.0,74.17745994521579,25.82,5
54000,Hour 15.0,5G_TN,Tower_11,100.0,95.75227586088211,4.25,5
54000,Hour 15.0,5G_TN,Tower_12,100.0,29.096495419370527,70.9,6
54000,Hour 15.0,5G_TN,Tower_13,100.0,39.67352234762821,60.33,7
54000,Hour 15.0,5G_TN,Tower_14,100.0,78.57500606159661,21.42,2
54000,Hour 15.0,5G_TN,Tower_15,100.0,46.768260620125965,53.23,8
54000,Hour 15.0,5G_TN,Tower_16,100.0,42.42844941410187,57.57,11
54000,Hour 15.0,5G_TN,Tower_17,100.0,0.0,100.0,11
54000,Hour 15.0,5G_TN,Tower_18,100.0,91.93123364929002,8.07,6
54000,Hour 15.0,5G_TN,Tower_19,100.0,97.23614457009597,2.76,3
54000,Hour 15.0,5G_TN,Tower_20,100.0,47.47290451589395,52.53,8
54000,Hour 15.0,5G_TN,Tower_21,100.0,11.155445923479178,88.84,17
54000,Hour 15.0,5G_TN,Tower_22,100.0,50.97726604915849,49.02,12
54000,Hour 15.0,5G_TN,Tower_23,100.0,80.8742287867442,19.13,8
54000,Hour 15.0,5G_TN,Tower_24,100.0,63.70569089705966,36.29,1
54000,Hour 15.0,5G_TN,Tower_25,100.0,84.14487336923422,15.86,3
54000,Hour 15.0,5G_TN,Tower_26,100.0,73.70852428024644,26.29,7
54000,Hour 15.0,5G_TN,Tower_27,100.0,91.81527132226634,8.18,6
54000,Hour 15.0,5G_TN,Tower_28,100.0,62.83014630841063,37.17,6
54000,Hour 15.0,5G_TN,Tower_29,100.0,85.50612156374524,14.49,6
54000,Hour 15.0,5G_TN,Tower_30,100.0,59.92261728191396,40.08,8
54000,Hour 15.0,5G_TN,Tower_31,100.0,13.42720566136951,86.57,11
54000,Hour 15.0,5G_TN,Tower_32,100.0,57.28353315856894,42.72,6
54000,Hour 15.0,5G_TN,Tower_33,100.0,82.14018497874272,17.86,5
54000,Hour 15.0,5G_TN,Tower_34,100.0,98.45951904831809,1.54,4
54000,Hour 15.0,5G_TN,Tower_35,100.0,92.60218367903093,7.4,4
54000,Hour 15.0,LEO_NTN,Sat_LIVE-SIMULAT-039-016,1280.0,760.0,40.62,265
54000,Hour 15.0,LEO_NTN,Sat_LIVE-SIMULAT-040-016,1280.0,1040.0,18.75,66
54000,Hour 15.0,LEO_NTN,Sat_LIVE-SIMULAT-034-017,1280.0,1000.0,21.88,36
54000,Hour 15.0,LEO_NTN,Sat_LIVE-SIMULAT-033-017,1280.0,1000.0,21.88,26
54000,Hour 15.0,LEO_NTN,Sat_LIVE-SIMULAT-024-019,1280.0,1040.0,18.75,28
54000,Hour 15.0,LEO_NTN,Sat_LIVE-SIMULAT-032-017,1280.0,1040.0,18.75,25
54000,Hour 15.0,LEO_NTN,Sat_LIVE-SIMULAT-025-019,1280.0,960.0,25.0,35
54000,Hour 15.0,LEO_NTN,Sat_LIVE-SIMULAT-028-018,1280.0,840.0,34.38,52
54000,Hour 15.0,LEO_NTN,Sat_LIVE-SIMULAT-021-020,1280.0,1160.0,9.38,18
54000,Hour 15.0,LEO_NTN,Sat_LIVE-SIMULAT-027-018,1280.0,1200.0,6.25,9
54000,Hour 15.0,LEO_NTN,Sat_LIVE-SIMULAT-029-018,1280.0,960.0,25.0,20
54000,Hour 15.0,LEO_NTN,Sat_LIVE-SIMULAT-023-019,1280.0,1040.0,18.75,17
54000,Hour 15.0,LEO_NTN,Sat_LIVE-SIMULAT-035-017,1280.0,1240.0,3.12,4
54000,Hour 15.0,LEO_NTN,Sat_LIVE-SIMULAT-022-019,1280.0,1240.0,3.12,1
54000,Hour 15.0,LEO_NTN,Sat_LIVE-SIMULAT-038-016,1280.0,1240.0,3.12,2
57600,Hour 16.0,5G_TN,Tower_0,100.0,49.39719859275273,50.6,9
57600,Hour 16.0,5G_TN,Tower_1,100.0,86.63056702686659,13.37,6
57600,Hour 16.0,5G_TN,Tower_2,100.0,15.514406578226804,84.49,16
57600,Hour 16.0,5G_TN,Tower_3,100.0,53.35208584669822,46.65,7
57600,Hour 16.0,5G_TN,Tower_4,100.0,88.36754550727616,11.63,2
57600,Hour 16.0,5G_TN,Tower_5,100.0,93.71688155031659,6.28,4
57600,Hour 16.0,5G_TN,Tower_6,100.0,0.0,100.0,16
57600,Hour 16.0,5G_TN,Tower_7,100.0,74.2519027491696,25.75,6
57600,Hour 16.0,5G_TN,Tower_8,100.0,81.06371978308252,18.94,4
57600,Hour 16.0,5G_TN,Tower_9,100.0,67.39038940522063,32.61,8
57600,Hour 16.0,5G_TN,Tower_10,100.0,77.96915743204316,22.03,3
57600,Hour 16.0,5G_TN,Tower_11,100.0,86.0560807384179,13.94,4
57600,Hour 16.0,5G_TN,Tower_12,100.0,0.0,100.0,10
57600,Hour 16.0,5G_TN,Tower_13,100.0,0.0,100.0,10
57600,Hour 16.0,5G_TN,Tower_14,100.0,88.58914551112343,11.41,4
57600,Hour 16.0,5G_TN,Tower_15,100.0,28.52261962117824,71.48,6
57600,Hour 16.0,5G_TN,Tower_16,100.0,48.19371217772868,51.81,6
57600,Hour 16.0,5G_TN,Tower_17,100.0,2.519590538185671,97.48,16
57600,Hour 16.0,5G_TN,Tower_18,100.0,63.00918539816009,36.99,6
57600,Hour 16.0,5G_TN,Tower_19,100.0,96.56407865081134,3.44,3
57600,Hour 16.0,5G_TN,Tower_20,100.0,5.005346444016032,94.99,11
57600,Hour 16.0,5G_TN,Tower_21,100.0,0.0,100.0,17
57600,Hour 16.0,5G_TN,Tower_22,100.0,30.930101763052352,69.07,11
57600,Hour 16.0,5G_TN,Tower_23,100.0,51.62989709987408,48.37,12
57600,Hour 16.0,5G_TN,Tower_24,100.0,52.81295318402089,47.19,4
57600,Hour 16.0,5G_TN,Tower_25,100.0,53.195344950423674,46.8,8
57600,Hour 16.0,5G_TN,Tower_26,100.0,67.6974906450797,32.3,7
57600,Hour 16.0,5G_TN,Tower_27,100.0,81.30910557364025,18.69,6
57600,Hour 16.0,5G_TN,Tower_28,100.0,86.55779366949614,13.44,7
57600,Hour 16.0,5G_TN,Tower_29,100.0,85.47414331999522,14.53,3
57600,Hour 16.0,5G_TN,Tower_30,100.0,27.909633979672638,72.09,12
57600,Hour 16.0,5G_TN,Tower_31,100.0,63.81743446800797,36.18,8
57600,Hour 16.0,5G_TN,Tower_32,100.0,73.20368894182104,26.8,8
57600,Hour 16.0,5G_TN,Tower_33,100.0,75.23281023844476,24.77,6
57600,Hour 16.0,5G_TN,Tower_34,100.0,96.80929526010975,3.19,5
57600,Hour 16.0,5G_TN,Tower_35,100.0,96.85373152079941,3.15,4
57600,Hour 16.0,LEO_NTN,Sat_LIVE-SIMULAT-025-006,1280.0,1120.0,12.5,135
57600,Hour 16.0,LEO_NTN,Sat_LIVE-SIMULAT-043-002,1280.0,840.0,34.38,147
57600,Hour 16.0,LEO_NTN,Sat_LIVE-SIMULAT-042-002,1280.0,1080.0,15.62,36
57600,Hour 16.0,LEO_NTN,Sat_LIVE-SIMULAT-037-003,1280.0,1000.0,21.88,30
57600,Hour 16.0,LEO_NTN,Sat_LIVE-SIMULAT-044-002,1280.0,1200.0,6.25,15
57600,Hour 16.0,LEO_NTN,Sat_LIVE-SIMULAT-028-005,1280.0,960.0,25.0,48
57600,Hour 16.0,LEO_NTN,Sat_LIVE-SIMULAT-031-004,1280.0,1040.0,18.75,32
57600,Hour 16.0,LEO_NTN,Sat_LIVE-SIMULAT-032-004,1280.0,840.0,34.38,52
57600,Hour 16.0,LEO_NTN,Sat_LIVE-SIMULAT-038-003,1280.0,1040.0,18.75,27
57600,Hour 16.0,LEO_NTN,Sat_LIVE-SIMULAT-027-005,1280.0,1040.0,18.75,19
57600,Hour 16.0,LEO_NTN,Sat_LIVE-SIMULAT-036-003,1280.0,1120.0,12.5,18
57600,Hour 16.0,LEO_NTN,Sat_LIVE-SIMULAT-026-005,1280.0,1120.0,12.5,7
57600,Hour 16.0,LEO_NTN,Sat_LIVE-SIMULAT-024-006,1280.0,1240.0,3.12,6
57600,Hour 16.0,LEO_NTN,Sat_LIVE-SIMULAT-029-005,1280.0,1120.0,12.5,12
57600,Hour 16.0,LEO_NTN,Sat_LIVE-SIMULAT-033-004,1280.0,1040.0,18.75,14
61200,Hour 17.0,5G_TN,Tower_0,100.0,7.152362072870888,92.85,9
61200,Hour 17.0,5G_TN,Tower_1,100.0,89.14571433022554,10.85,6
61200,Hour 17.0,5G_TN,Tower_2,100.0,51.853299911050904,48.15,10
61200,Hour 17.0,5G_TN,Tower_3,100.0,70.87906662348652,29.12,5
61200,Hour 17.0,5G_TN,Tower_4,100.0,90.55893386717919,9.44,2
61200,Hour 17.0,5G_TN,Tower_5,100.0,60.12827633380249,39.87,5
61200,Hour 17.0,5G_TN,Tower_6,100.0,0.0,100.0,17
61200,Hour 17.0,5G_TN,Tower_7,100.0,94.88292666002486,5.12,2
61200,Hour 17.0,5G_TN,Tower_8,100.0,39.95210345462149,60.05,7
61200,Hour 17.0,5G_TN,Tower_9,100.0,73.08595249980472,26.91,8
61200,Hour 17.0,5G_TN,Tower_10,100.0,95.42823737338566,4.57,3
61200,Hour 17.0,5G_TN,Tower_11,100.0,94.92603055524181,5.07,5
61200,Hour 17.0,5G_TN,Tower_12,100.0,29.263729301847874,70.74,10
61200,Hour 17.0,5G_TN,Tower_13,100.0,63.882854977222635,36.12,9
61200,Hour 17.0,5G_TN,Tower_14,100.0,86.40469973336616,13.6,4
61200,Hour 17.0,5G_TN,Tower_15,100.0,0.0,100.0,6
61200,Hour 17.0,5G_TN,Tower_16,100.0,67.61093576162915,32.39,9
61200,Hour 17.0,5G_TN,Tower_17,100.0,0.0,100.0,16
61200,Hour 17.0,5G_TN,Tower_18,100.0,62.540386332201265,37.46,3
61200,Hour 17.0,5G_TN,Tower_19,100.0,85.95613099107568,14.04,5
61200,Hour 17.0,5G_TN,Tower_20,100.0,52.23794841009376,47.76,7
61200,Hour 17.0,5G_TN,Tower_21,100.0,0.0,100.0,20
61200,Hour 17.0,5G_TN,Tower_22,100.0,0.0,100.0,16
61200,Hour 17.0,5G_TN,Tower_23,100.0,16.67396533366047,83.33,11
61200,Hour 17.0,5G_TN,Tower_24,100.0,57.64578534375523,42.35,7
61200,Hour 17.0,5G_TN,Tower_25,100.0,57.34551849148071,42.65,2
61200,Hour 17.0,5G_TN,Tower_26,100.0,82.72932961335133,17.27,6
61200,Hour 17.0,5G_TN,Tower_27,100.0,42.871313740414394,57.13,6
61200,Hour 17.0,5G_TN,Tower_28,100.0,80.8496531099436,19.15,6
61200,Hour 17.0,5G_TN,Tower_29,100.0,69.2696620561117,30.73,6
61200,Hour 17.0,5G_TN,Tower_30,100.0,75.09496705908492,24.91,9
61200,Hour 17.0,5G_TN,Tower_31,100.0,2.056998663259238,97.94,11
61200,Hour 17.0,5G_TN,Tower_32,100.0,61.81769340818487,38.18,12
61200,Hour 17.0,5G_TN,Tower_33,100.0,86.53263467212979,13.47,3
61200,Hour 17.0,5G_TN,Tower_34,100.0,97.86629661670919,2.13,4
61200,Hour 17.0,5G_TN,Tower_35,100.0,95.27031607460692,4.73,3
61200,Hour 17.0,LEO_NTN,Sat_LIVE-SIMULAT-029-014,1280.0,1240.0,3.12,76
61200,Hour 17.0,LEO_NTN,Sat_LIVE-SIMULAT-028-014,1280.0,1120.0,12.5,71
61200,Hour 17.0,LEO_NTN,Sat_LIVE-SIMULAT-047-010,1280.0,1000.0,21.88,93
61200,Hour 17.0,LEO_NTN,Sat_LIVE-SIMULAT-046-010,1280.0,840.0,34.38,99
61200,Hour 17.0,LEO_NTN,Sat_LIVE-SIMULAT-041-011,1280.0,1080.0,15.62,27
61200,Hour 17.0,LEO_NTN,Sat_LIVE-SIMULAT-035-012,1280.0,960.0,25.0,48
61200,Hour 17.0,LEO_NTN,Sat_LIVE-SIMULAT-036-012,1280.0,840.0,34.38,49
61200,Hour 17.0,LEO_NTN,Sat_LIVE-SIMULAT-031-013,1280.0,1080.0,15.62,22
61200,Hour 17.0,LEO_NTN,Sat_LIVE-SIMULAT-042-011,1280.0,1160.0,9.38,14
61200,Hour 17.0,LEO_NTN,Sat_LIVE-SIMULAT-032-013,1280.0,920.0,28.12,41
61200,Hour 17.0,LEO_NTN,Sat_LIVE-SIMULAT-040-011,1280.0,1080.0,15.62,24
61200,Hour 17.0,LEO_NTN,Sat_LIVE-SIMULAT-030-013,1280.0,920.0,28.12,23
61200,Hour 17.0,LEO_NTN,Sat_LIVE-SIMULAT-037-012,1280.0,1160.0,9.38,4
61200,Hour 17.0,LEO_NTN,Sat_LIVE-SIMULAT-039-011,1280.0,1240.0,3.12,1
61200,Hour 17.0,LEO_NTN,Sat_LIVE-SIMULAT-034-012,1280.0,1240.0,3.12,1
61200,Hour 17.0,LEO_NTN,Sat_LIVE-SIMULAT-033-013,1280.0,1240.0,3.12,1
64800,Hour 18.0,5G_TN,Tower_0,100.0,34.05026178045754,65.95,10
64800,Hour 18.0,5G_TN,Tower_1,100.0,45.945362041877694,54.05,9
64800,Hour 18.0,5G_TN,Tower_2,100.0,19.2849885913202,80.72,14
64800,Hour 18.0,5G_TN,Tower_3,100.0,84.29993448537819,15.7,8
64800,Hour 18.0,5G_TN,Tower_4,100.0,87.87339877028353,12.13,2
64800,Hour 18.0,5G_TN,Tower_5,100.0,80.05612015845708,19.94,2
64800,Hour 18.0,5G_TN,Tower_6,100.0,0.0,100.0,12
64800,Hour 18.0,5G_TN,Tower_7,100.0,76.37871295001105,23.62,2
64800,Hour 18.0,5G_TN,Tower_8,100.0,35.7716371036213,64.23,6
64800,Hour 18.0,5G_TN,Tower_9,100.0,90.19801791075423,9.8,6
64800,Hour 18.0,5G_TN,Tower_10,100.0,96.31194251340584,3.69,2
64800,Hour 18.0,5G_TN,Tower_11,100.0,96.28632816332927,3.71,2
64800,Hour 18.0,5G_TN,Tower_12,100.0,40.804630107243895,59.2,8
64800,Hour 18.0,5G_TN,Tower_13,100.0,6.046595301098086,93.95,13
64800,Hour 18.0,5G_TN,Tower_14,100.0,83.83309094219337,16.17,5
64800,Hour 18.0,5G_TN,Tower_15,100.0,0.0,100.0,9
64800,Hour 18.0,5G_TN,Tower_16,100.0,65.4011297798853,34.6,10
64800,Hour 18.0,5G_TN,Tower_17,100.0,5.845238879790068,94.15,17
64800,Hour 18.0,5G_TN,Tower_18,100.0,64.67152384989068,35.33,3
64800,Hour 18.0,5G_TN,Tower_19,100.0,96.02138331373796,3.98,3
64800,Hour 18.0,5G_TN,Tower_20,100.0,43.71020558804698,56.29,8
64800,Hour 18.0,5G_TN,Tower_21,100.0,0.0,100.0,16
64800,Hour 18.0,5G_TN,Tower_22,100.0,57.3348523727138,42.67,14
64800,Hour 18.0,5G_TN,Tower_23,100.0,44.01254359935811,55.99,11
64800,Hour 18.0,5G_TN,Tower_24,100.0,47.780071179217636,52.22,5
64800,Hour 18.0,5G_TN,Tower_25,100.0,83.10622817650055,16.89,2
64800,Hour 18.0,5G_TN,Tower_26,100.0,76.43837866686238,23.56,9
64800,Hour 18.0,5G_TN,Tower_27,100.0,82.27867660009795,17.72,5
64800,Hour 18.0,5G_TN,Tower_28,100.0,60.9135520484096,39.09,6
64800,Hour 18.0,5G_TN,Tower_29,100.0,66.56207303943211,33.44,8
64800,Hour 18.0,5G_TN,Tower_30,100.0,85.4858945113486,14.51,5
64800,Hour 18.0,5G_TN,Tower_31,100.0,14.312500631870192,85.69,13
64800,Hour 18.0,5G_TN,Tower_32,100.0,72.27857229039671,27.72,9
64800,Hour 18.0,5G_TN,Tower_33,100.0,10.387899924746968,89.61,5
64800,Hour 18.0,5G_TN,Tower_34,100.0,91.30277097958744,8.7,4
64800,Hour 18.0,5G_TN,Tower_35,100.0,95.75586005558363,4.24,2
64800,Hour 18.0,LEO_NTN,Sat_LIVE-SIMULAT-032-000,1280.0,920.0,28.12,199
64800,Hour 18.0,LEO_NTN,Sat_LIVE-SIMULAT-050-018,1280.0,1080.0,15.62,62
64800,Hour 18.0,LEO_NTN,Sat_LIVE-SIMULAT-033-000,1280.0,1200.0,6.25,28
64800,Hour 18.0,LEO_NTN,Sat_LIVE-SIMULAT-036-021,1280.0,960.0,25.0,53
64800,Hour 18.0,LEO_NTN,Sat_LIVE-SIMULAT-035-021,1280.0,1040.0,18.75,32
64800,Hour 18.0,LEO_NTN,Sat_LIVE-SIMULAT-051-018,1280.0,1240.0,3.12,10
64800,Hour 18.0,LEO_NTN,Sat_LIVE-SIMULAT-039-020,1280.0,880.0,31.25,55
64800,Hour 18.0,LEO_NTN,Sat_LIVE-SIMULAT-045-019,1280.0,960.0,25.0,39
64800,Hour 18.0,LEO_NTN,Sat_LIVE-SIMULAT-040-020,1280.0,960.0,25.0,29
64800,Hour 18.0,LEO_NTN,Sat_LIVE-SIMULAT-038-020,1280.0,1160.0,9.38,19
64800,Hour 18.0,LEO_NTN,Sat_LIVE-SIMULAT-034-021,1280.0,1080.0,15.62,19
64800,Hour 18.0,LEO_NTN,Sat_LIVE-SIMULAT-031-000,1280.0,1200.0,6.25,8
64800,Hour 18.0,LEO_NTN,Sat_LIVE-SIMULAT-044-019,1280.0,1000.0,21.88,21
64800,Hour 18.0,LEO_NTN,Sat_LIVE-SIMULAT-043-019,1280.0,1080.0,15.62,15
64800,Hour 18.0,LEO_NTN,Sat_LIVE-SIMULAT-049-018,1280.0,1200.0,6.25,13
64800,Hour 18.0,LEO_NTN,Sat_LIVE-SIMULAT-041-020,1280.0,1240.0,3.12,1
64800,Hour 18.0,LEO_NTN,Sat_LIVE-SIMULAT-046-019,1280.0,1240.0,3.12,2
68400,Hour 19.0,5G_TN,Tower_0,100.0,16.400427760162753,83.6,12
68400,Hour 19.0,5G_TN,Tower_1,100.0,42.92218110222347,57.08,8
68400,Hour 19.0,5G_TN,Tower_2,100.0,0.0,100.0,11
68400,Hour 19.0,5G_TN,Tower_3,100.0,45.83545975799928,54.16,7
68400,Hour 19.0,5G_TN,Tower_4,100.0,100.0,0.0,0
68400,Hour 19.0,5G_TN,Tower_5,100.0,45.0442392705035,54.96,4
68400,Hour 19.0,5G_TN,Tower_6,100.0,0.0,100.0,14
68400,Hour 19.0,5G_TN,Tower_7,100.0,77.89098953113793,22.11,4
68400,Hour 19.0,5G_TN,Tower_8,100.0,69.26102314845105,30.74,2
68400,Hour 19.0,5G_TN,Tower_9,100.0,66.4755310660785,33.52,6
68400,Hour 19.0,5G_TN,Tower_10,100.0,59.16811891398508,40.83,5
68400,Hour 19.0,5G_TN,Tower_11,100.0,76.78281021552974,23.22,2
68400,Hour 19.0,5G_TN,Tower_12,100.0,2.9584355186041815,97.04,9
68400,Hour 19.0,5G_TN,Tower_13,100.0,23.597151478021974,76.4,12
68400,Hour 19.0,5G_TN,Tower_14,100.0,72.17890073482178,27.82,6
68400,Hour 19.0,5G_TN,Tower_15,100.0,49.94620696030108,50.05,9
68400,Hour 19.0,5G_TN,Tower_16,100.0,0.0,100.0,9
68400,Hour 19.0,5G_TN,Tower_17,100.0,52.9885145448176,47.01,13
68400,Hour 19.0,5G_TN,Tower_18,100.0,8.513466812658935,91.49,9
68400,Hour 19.0,5G_TN,Tower_19,100.0,80.46109669704673,19.54,4
68400,Hour 19.0,5G_TN,Tower_20,100.0,0.0,100.0,15
68400,Hour 19.0,5G_TN,Tower_21,100.0,0.0,100.0,12
68400,Hour 19.0,5G_TN,Tower_22,100.0,44.66852403558597,55.33,11
68400,Hour 19.0,5G_TN,Tower_23,100.0,29.108642166224723,70.89,9
68400,Hour 19.0,5G_TN,Tower_24,100.0,93.42476161660105,6.58,3
68400,Hour 19.0,5G_TN,Tower_25,100.0,41.053706739521516,58.95,4
68400,Hour 19.0,5G_TN,Tower_26,100.0,65.70392476437317,34.3,8
68400,Hour 19.0,5G_TN,Tower_27,100.0,50.44470282423426,49.56,7
68400,Hour 19.0,5G_TN,Tower_28,100.0,57.00916183897815,42.99,8
68400,Hour 19.0,5G_TN,Tower_29,100.0,70.53305430056281,29.47,7
68400,Hour 19.0,5G_TN,Tower_30,100.0,75.15513043333247,24.84,9
68400,Hour 19.0,5G_TN,Tower_31,100.0,49.300208446822005,50.7,11
68400,Hour 19.0,5G_TN,Tower_32,100.0,73.03116068687277,26.97,8
68400,Hour 19.0,5G_TN,Tower_33,100.0,11.064253680563182,88.94,7
68400,Hour 19.0,5G_TN,Tower_34,100.0,97.14802787384652,2.85,5
68400,Hour 19.0,5G_TN,Tower_35,100.0,88.10206964775061,11.9,2
68400,Hour 19.0,LEO_NTN,Sat_LIVE-SIMULAT-053-004,1280.0,1080.0,15.62,146
68400,Hour 19.0,LEO_NTN,Sat_LIVE-SIMULAT-036-008,1280.0,920.0,28.12,106
68400,Hour 19.0,LEO_NTN,Sat_LIVE-SIMULAT-035-008,1280.0,920.0,28.12,87
68400,Hour 19.0,LEO_NTN,Sat_LIVE-SIMULAT-039-007,1280.0,1080.0,15.62,24
68400,Hour 19.0,LEO_NTN,Sat_LIVE-SIMULAT-037-007,1280.0,1160.0,9.38,11
68400,Hour 19.0,LEO_NTN,Sat_LIVE-SIMULAT-049-005,1280.0,880.0,31.25,43
68400,Hour 19.0,LEO_NTN,Sat_LIVE-SIMULAT-048-005,1280.0,960.0,25.0,30
68400,Hour 19.0,LEO_NTN,Sat_LIVE-SIMULAT-043-006,1280.0,880.0,31.25,52
68400,Hour 19.0,LEO_NTN,Sat_LIVE-SIMULAT-042-006,1280.0,1080.0,15.62,23
68400,Hour 19.0,LEO_NTN,Sat_LIVE-SIMULAT-038-007,1280.0,1040.0,18.75,31
68400,Hour 19.0,LEO_NTN,Sat_LIVE-SIMULAT-040-007,1280.0,1240.0,3.12,5
68400,Hour 19.0,LEO_NTN,Sat_LIVE-SIMULAT-047-005,1280.0,1080.0,15.62,17
68400,Hour 19.0,LEO_NTN,Sat_LIVE-SIMULAT-044-006,1280.0,1040.0,18.75,18
72000,Hour 20.0,5G_TN,Tower_0,100.0,29.234576529514722,70.77,12
72000,Hour 20.0,5G_TN,Tower_1,100.0,71.12558143948145,28.87,7
72000,Hour 20.0,5G_TN,Tower_2,100.0,0.0,100.0,16
72000,Hour 20.0,5G_TN,Tower_3,100.0,97.57159577438746,2.43,3
72000,Hour 20.0,5G_TN,Tower_4,100.0,100.0,0.0,0
72000,Hour 20.0,5G_TN,Tower_5,100.0,76.36710437316755,23.63,4
72000,Hour 20.0,5G_TN,Tower_6,100.0,16.289362700880467,83.71,17
72000,Hour 20.0,5G_TN,Tower_7,100.0,51.9701407454033,48.03,5
72000,Hour 20.0,5G_TN,Tower_8,100.0,93.24795869468286,6.75,3
72000,Hour 20.0,5G_TN,Tower_9,100.0,61.85045176966216,38.15,4
72000,Hour 20.0,5G_TN,Tower_10,100.0,61.64956743672174,38.35,4
72000,Hour 20.0,5G_TN,Tower_11,100.0,99.4559117187852,0.54,2
72000,Hour 20.0,5G_TN,Tower_12,100.0,0.0,100.0,9
72000,Hour 20.0,5G_TN,Tower_13,100.0,0.0,100.0,14
72000,Hour 20.0,5G_TN,Tower_14,100.0,72.03003468481529,27.97,4
72000,Hour 20.0,5G_TN,Tower_15,100.0,59.21005055820656,40.79,5
72000,Hour 20.0,5G_TN,Tower_16,100.0,62.440017124970744,37.56,8
72000,Hour 20.0,5G_TN,Tower_17,100.0,31.402574888150603,68.6,15
72000,Hour 20.0,5G_TN,Tower_18,100.0,81.62585706387868,18.37,3
72000,Hour 20.0,5G_TN,Tower_19,100.0,86.47616494559027,13.52,5
72000,Hour 20.0,5G_TN,Tower_20,100.0,19.790003061081716,80.21,8
72000,Hour 20.0,5G_TN,Tower_21,100.0,0.0,100.0,13
72000,Hour 20.0,5G_TN,Tower_22,100.0,16.642730576174454,83.36,11
72000,Hour 20.0,5G_TN,Tower_23,100.0,26.015640009469248,73.98,5
72000,Hour 20.0,5G_TN,Tower_24,100.0,39.29684742355979,60.7,4
72000,Hour 20.0,5G_TN,Tower_25,100.0,15.675957488328875,84.32,4
72000,Hour 20.0,5G_TN,Tower_26,100.0,85.65139082826913,14.35,3
72000,Hour 20.0,5G_TN,Tower_27,100.0,64.475573122594,35.52,5
72000,Hour 20.0,5G_TN,Tower_28,100.0,81.2243535564869,18.78,7
72000,Hour 20.0,5G_TN,Tower_29,100.0,70.81779919035345,29.18,7
72000,Hour 20.0,5G_TN,Tower_30,100.0,61.85423627082911,38.15,8
72000,Hour 20.0,5G_TN,Tower_31,100.0,44.725547280824934,55.27,11
72000,Hour 20.0,5G_TN,Tower_32,100.0,43.49767973757994,56.5,10
72000,Hour 20.0,5G_TN,Tower_33,100.0,0.0,100.0,6
72000,Hour 20.0,5G_TN,Tower_34,100.0,93.8890363181561,6.11,4
72000,Hour 20.0,5G_TN,Tower_35,100.0,95.80084986287915,4.2,2
72000,Hour 20.0,LEO_NTN,Sat_LIVE-SIMULAT-057-012,1280.0,1160.0,9.38,102
72000,Hour 20.0,LEO_NTN,Sat_LIVE-SIMULAT-039-016,1280.0,760.0,40.62,193
72000,Hour 20.0,LEO_NTN,Sat_LIVE-SIMULAT-040-016,1280.0,1120.0,12.5,52
72000,Hour 20.0,LEO_NTN,Sat_LIVE-SIMULAT-042-015,1280.0,1040.0,18.75,30
72000,Hour 20.0,LEO_NTN,Sat_LIVE-SIMULAT-041-015,1280.0,1040.0,18.75,33
72000,Hour 20.0,LEO_NTN,Sat_LIVE-SIMULAT-047-014,1280.0,920.0,28.12,54
72000,Hour 20.0,LEO_NTN,Sat_LIVE-SIMULAT-052-013,1280.0,920.0,28.12,35
72000,Hour 20.0,LEO_NTN,Sat_LIVE-SIMULAT-043-015,1280.0,1120.0,12.5,17
72000,Hour 20.0,LEO_NTN,Sat_LIVE-SIMULAT-046-014,1280.0,1040.0,18.75,28
72000,Hour 20.0,LEO_NTN,Sat_LIVE-SIMULAT-053-013,1280.0,1040.0,18.75,21
72000,Hour 20.0,LEO_NTN,Sat_LIVE-SIMULAT-038-016,1280.0,1200.0,6.25,10
72000,Hour 20.0,LEO_NTN,Sat_LIVE-SIMULAT-051-013,1280.0,1000.0,21.88,21
72000,Hour 20.0,LEO_NTN,Sat_LIVE-SIMULAT-056-012,1280.0,1240.0,3.12,3
72000,Hour 20.0,LEO_NTN,Sat_LIVE-SIMULAT-050-013,1280.0,1200.0,6.25,4
72000,Hour 20.0,LEO_NTN,Sat_LIVE-SIMULAT-048-014,1280.0,1120.0,12.5,7
72000,Hour 20.0,LEO_NTN,Sat_LIVE-SIMULAT-040-015,1280.0,1240.0,3.12,1
72000,Hour 20.0,LEO_NTN,Sat_LIVE-SIMULAT-045-014,1280.0,1240.0,3.12,2
75600,Hour 21.0,5G_TN,Tower_0,100.0,18.149332032109662,81.85,7
75600,Hour 21.0,5G_TN,Tower_1,100.0,71.15403831581307,28.85,7
75600,Hour 21.0,5G_TN,Tower_2,100.0,0.0,100.0,16
75600,Hour 21.0,5G_TN,Tower_3,100.0,84.0222914169882,15.98,6
75600,Hour 21.0,5G_TN,Tower_4,100.0,43.56309630948804,56.44,5
75600,Hour 21.0,5G_TN,Tower_5,100.0,0.0,100.0,4
75600,Hour 21.0,5G_TN,Tower_6,100.0,0.0,100.0,14
75600,Hour 21.0,5G_TN,Tower_7,100.0,59.24205082450037,40.76,3
75600,Hour 21.0,5G_TN,Tower_8,100.0,73.3941975370479,26.61,4
75600,Hour 21.0,5G_TN,Tower_9,100.0,69.87632734110986,30.12,2
75600,Hour 21.0,5G_TN,Tower_10,100.0,88.18535580026028,11.81,5
75600,Hour 21.0,5G_TN,Tower_11,100.0,86.03737185089471,13.96,5
75600,Hour 21.0,5G_TN,Tower_12,100.0,22.09185484974427,77.91,8
75600,Hour 21.0,5G_TN,Tower_13,100.0,39.948130377288734,60.05,14
75600,Hour 21.0,5G_TN,Tower_14,100.0,85.84400579388237,14.16,4
75600,Hour 21.0,5G_TN,Tower_15,100.0,17.576841543673986,82.42,5
75600,Hour 21.0,5G_TN,Tower_16,100.0,0.0,100.0,16
75600,Hour 21.0,5G_TN,Tower_17,100.0,0.0,100.0,9
75600,Hour 21.0,5G_TN,Tower_18,100.0,53.65316146234433,46.35,2
75600,Hour 21.0,5G_TN,Tower_19,100.0,84.08870892855053,15.91,3
75600,Hour 21.0,5G_TN,Tower_20,100.0,68.7328816652583,31.27,9
75600,Hour 21.0,5G_TN,Tower_21,100.0,0.0,100.0,15
75600,Hour 21.0,5G_TN,Tower_22,100.0,93.36224074430432,6.64,9
75600,Hour 21.0,5G_TN,Tower_23,100.0,53.54259591787493,46.46,6
75600,Hour 21.0,5G_TN,Tower_24,100.0,0.0,100.0,7
75600,Hour 21.0,5G_TN,Tower_25,100.0,0.0,100.0,5
75600,Hour 21.0,5G_TN,Tower_26,100.0,78.43698216519161,21.56,4
75600,Hour 21.0,5G_TN,Tower_27,100.0,26.008419144723305,73.99,8
75600,Hour 21.0,5G_TN,Tower_28,100.0,75.78901089868384,24.21,9
75600,Hour 21.0,5G_TN,Tower_29,100.0,78.29348774876111,21.71,3
75600,Hour 21.0,5G_TN,Tower_30,100.0,85.25058787569898,14.75,5
75600,Hour 21.0,5G_TN,Tower_31,100.0,59.62048368552345,40.38,12
75600,Hour 21.0,5G_TN,Tower_32,100.0,50.43535515346273,49.56,12
75600,Hour 21.0,5G_TN,Tower_33,100.0,39.42268910334584,60.58,7
75600,Hour 21.0,5G_TN,Tower_34,100.0,94.3502112864395,5.65,5
75600,Hour 21.0,5G_TN,Tower_35,100.0,97.48720002047466,2.51,2
75600,Hour 21.0,LEO_NTN,Sat_LIVE-SIMULAT-043-002,1280.0,880.0,31.25,187
75600,Hour 21.0,LEO_NTN,Sat_LIVE-SIMULAT-060-020,1280.0,1120.0,12.5,65
75600,Hour 21.0,LEO_NTN,Sat_LIVE-SIMULAT-042-002,1280.0,960.0,25.0,80
75600,Hour 21.0,LEO_NTN,Sat_LIVE-SIMULAT-046-001,1280.0,1040.0,18.75,24
75600,Hour 21.0,LEO_NTN,Sat_LIVE-SIMULAT-044-002,1280.0,1240.0,3.12,6
75600,Hour 21.0,LEO_NTN,Sat_LIVE-SIMULAT-056-021,1280.0,920.0,28.12,50
75600,Hour 21.0,LEO_NTN,Sat_LIVE-SIMULAT-044-001,1280.0,1160.0,9.38,14
75600,Hour 21.0,LEO_NTN,Sat_LIVE-SIMULAT-051-000,1280.0,960.0,25.0,39
75600,Hour 21.0,LEO_NTN,Sat_LIVE-SIMULAT-045-001,1280.0,1040.0,18.75,31
75600,Hour 21.0,LEO_NTN,Sat_LIVE-SIMULAT-050-000,1280.0,920.0,28.12,42
75600,Hour 21.0,LEO_NTN,Sat_LIVE-SIMULAT-047-001,1280.0,1160.0,9.38,13
75600,Hour 21.0,LEO_NTN,Sat_LIVE-SIMULAT-054-021,1280.0,1080.0,15.62,15
75600,Hour 21.0,LEO_NTN,Sat_LIVE-SIMULAT-049-000,1280.0,1200.0,6.25,6
75600,Hour 21.0,LEO_NTN,Sat_LIVE-SIMULAT-055-021,1280.0,1000.0,21.88,15
75600,Hour 21.0,LEO_NTN,Sat_LIVE-SIMULAT-057-021,1280.0,1200.0,6.25,4
75600,Hour 21.0,LEO_NTN,Sat_LIVE-SIMULAT-052-000,1280.0,1200.0,6.25,2
79200,Hour 22.0,5G_TN,Tower_0,100.0,0.0,100.0,11
79200,Hour 22.0,5G_TN,Tower_1,100.0,31.715942176395444,68.28,7
79200,Hour 22.0,5G_TN,Tower_2,100.0,26.91948398816441,73.08,12
79200,Hour 22.0,5G_TN,Tower_3,100.0,38.28889752903386,61.71,9
79200,Hour 22.0,5G_TN,Tower_4,100.0,93.91016197999936,6.09,3
79200,Hour 22.0,5G_TN,Tower_5,100.0,22.41886191488717,77.58,6
79200,Hour 22.0,5G_TN,Tower_6,100.0,0.0,100.0,17
79200,Hour 22.0,5G_TN,Tower_7,100.0,86.13044683819747,13.87,4
79200,Hour 22.0,5G_TN,Tower_8,100.0,80.71494746762987,19.29,7
79200,Hour 22.0,5G_TN,Tower_9,100.0,0.0,100.0,5
79200,Hour 22.0,5G_TN,Tower_10,100.0,98.405475542606,1.59,2
79200,Hour 22.0,5G_TN,Tower_11,100.0,96.14337577595404,3.86,3
79200,Hour 22.0,5G_TN,Tower_12,100.0,0.0,100.0,15
79200,Hour 22.0,5G_TN,Tower_13,100.0,0.0,100.0,11
79200,Hour 22.0,5G_TN,Tower_14,100.0,79.99315755964012,20.01,3
79200,Hour 22.0,5G_TN,Tower_15,100.0,0.0,100.0,8
79200,Hour 22.0,5G_TN,Tower_16,100.0,0.0,100.0,17
79200,Hour 22.0,5G_TN,Tower_17,100.0,11.971268203030936,88.03,13
79200,Hour 22.0,5G_TN,Tower_18,100.0,74.51233780744867,25.49,5
79200,Hour 22.0,5G_TN,Tower_19,100.0,93.71350538454537,6.29,4
79200,Hour 22.0,5G_TN,Tower_20,100.0,0.0,100.0,9
79200,Hour 22.0,5G_TN,Tower_21,100.0,0.0,100.0,14
79200,Hour 22.0,5G_TN,Tower_22,100.0,65.91335260831069,34.09,10
79200,Hour 22.0,5G_TN,Tower_23,100.0,38.48215379574129,61.52,8
79200,Hour 22.0,5G_TN,Tower_24,100.0,82.7879671219911,17.21,5
79200,Hour 22.0,5G_TN,Tower_25,100.0,0.0,100.0,8
79200,Hour 22.0,5G_TN,Tower_26,100.0,55.539355826915994,44.46,4
79200,Hour 22.0,5G_TN,Tower_27,100.0,26.980818123001466,73.02,9
79200,Hour 22.0,5G_TN,Tower_28,100.0,55.01377363263403,44.99,9
79200,Hour 22.0,5G_TN,Tower_29,100.0,60.68274099184169,39.32,6
79200,Hour 22.0,5G_TN,Tower_30,100.0,11.618373324057549,88.38,10
79200,Hour 22.0,5G_TN,Tower_31,100.0,31.241510110420254,68.76,10
79200,Hour 22.0,5G_TN,Tower_32,100.0,70.48279834220638,29.52,10
79200,Hour 22.0,5G_TN,Tower_33,100.0,74.01477504909481,25.99,6
79200,Hour 22.0,5G_TN,Tower_34,100.0,96.1696187469587,3.83,4
79200,Hour 22.0,5G_TN,Tower_35,100.0,91.05154948500612,8.95,3
79200,Hour 22.0,LEO_NTN,Sat_LIVE-SIMULAT-060-007,1280.0,720.0,43.75,244
79200,Hour 22.0,LEO_NTN,Sat_LIVE-SIMULAT-055-008,1280.0,1000.0,21.88,38
79200,Hour 22.0,LEO_NTN,Sat_LIVE-SIMULAT-061-007,1280.0,1080.0,15.62,49
79200,Hour 22.0,LEO_NTN,Sat_LIVE-SIMULAT-053-008,1280.0,1040.0,18.75,29
79200,Hour 22.0,LEO_NTN,Sat_LIVE-SIMULAT-049-009,1280.0,840.0,34.38,50
79200,Hour 22.0,LEO_NTN,Sat_LIVE-SIMULAT-046-010,1280.0,1040.0,18.75,28
79200,Hour 22.0,LEO_NTN,Sat_LIVE-SIMULAT-042-011,1280.0,1200.0,6.25,14
79200,Hour 22.0,LEO_NTN,Sat_LIVE-SIMULAT-048-009,1280.0,1120.0,12.5,18
79200,Hour 22.0,LEO_NTN,Sat_LIVE-SIMULAT-045-010,1280.0,1080.0,15.62,20
79200,Hour 22.0,LEO_NTN,Sat_LIVE-SIMULAT-064-006,1280.0,1240.0,3.12,6
79200,Hour 22.0,LEO_NTN,Sat_LIVE-SIMULAT-044-010,1280.0,1000.0,21.88,22
79200,Hour 22.0,LEO_NTN,Sat_LIVE-SIMULAT-054-008,1280.0,1000.0,21.88,30
79200,Hour 22.0,LEO_NTN,Sat_LIVE-SIMULAT-059-007,1280.0,1240.0,3.12,2
79200,Hour 22.0,LEO_NTN,Sat_LIVE-SIMULAT-056-008,1280.0,1240.0,3.12,3
79200,Hour 22.0,LEO_NTN,Sat_LIVE-SIMULAT-050-009,1280.0,1080.0,15.62,17
79200,Hour 22.0,LEO_NTN,Sat_LIVE-SIMULAT-043-010,1280.0,1240.0,3.12,1
82800,Hour 23.0,5G_TN,Tower_0,100.0,0.0,100.0,8
82800,Hour 23.0,5G_TN,Tower_1,100.0,64.1485025321121,35.85,5
82800,Hour 23.0,5G_TN,Tower_2,100.0,73.5582055099126,26.44,8
82800,Hour 23.0,5G_TN,Tower_3,100.0,55.30613800783133,44.69,10
82800,Hour 23.0,5G_TN,Tower_4,100.0,82.99327694274889,17.01,4
82800,Hour 23.0,5G_TN,Tower_5,100.0,30.041508927229426,69.96,5
82800,Hour 23.0,5G_TN,Tower_6,100.0,7.079086364104029,92.92,14
82800,Hour 23.0,5G_TN,Tower_7,100.0,67.34278145210116,32.66,5
82800,Hour 23.0,5G_TN,Tower_8,100.0,63.35331649046,36.65,10
82800,Hour 23.0,5G_TN,Tower_9,100.0,90.20028963699495,9.8,5
82800,Hour 23.0,5G_TN,Tower_10,100.0,93.94248007806374,6.06,2
82800,Hour 23.0,5G_TN,Tower_11,100.0,90.16455937218213,9.84,7
82800,Hour 23.0,5G_TN,Tower_12,100.0,0.0,100.0,6
82800,Hour 23.0,5G_TN,Tower_13,100.0,21.785346234826168,78.21,9
82800,Hour 23.0,5G_TN,Tower_14,100.0,59.92734825807759,40.07,5
82800,Hour 23.0,5G_TN,Tower_15,100.0,21.631599313352,78.37,8
82800,Hour 23.0,5G_TN,Tower_16,100.0,0.0,100.0,11
82800,Hour 23.0,5G_TN,Tower_17,100.0,58.0656353681995,41.93,12
82800,Hour 23.0,5G_TN,Tower_18,100.0,34.871440718321644,65.13,5
82800,Hour 23.0,5G_TN,Tower_19,100.0,98.59066106691391,1.41,4
82800,Hour 23.0,5G_TN,Tower_20,100.0,53.112326368878286,46.89,11
82800,Hour 23.0,5G_TN,Tower_21,100.0,0.0,100.0,13
82800,Hour 23.0,5G_TN,Tower_22,100.0,41.21565021196651,58.78,15
82800,Hour 23.0,5G_TN,Tower_23,100.0,21.829471115600455,78.17,11
82800,Hour 23.0,5G_TN,Tower_24,100.0,21.61543692412387,78.38,10
82800,Hour 23.0,5G_TN,Tower_25,100.0,44.89484671993254,55.11,7
82800,Hour 23.0,5G_TN,Tower_26,100.0,78.02392714160865,21.98,2
82800,Hour 23.0,5G_TN,Tower_27,100.0,54.64593642575405,45.35,6
82800,Hour 23.0,5G_TN,Tower_28,100.0,20.216736523938113,79.78,8
82800,Hour 23.0,5G_TN,Tower_29,100.0,6.211751544783376,93.79,8
82800,Hour 23.0,5G_TN,Tower_30,100.0,39.117304328584865,60.88,9
82800,Hour 23.0,5G_TN,Tower_31,100.0,2.4170075701289697,97.58,11
82800,Hour 23.0,5G_TN,Tower_32,100.0,77.10582018375003,22.89,8
82800,Hour 23.0,5G_TN,Tower_33,100.0,23.656903486773157,76.34,6
82800,Hour 23.0,5G_TN,Tower_34,100.0,95.39902567780017,4.6,3
82800,Hour 23.0,5G_TN,Tower_35,100.0,92.65631284726545,7.34,5
82800,Hour 23.0,LEO_NTN,Sat_LIVE-SIMULAT-046-019,1280.0,1120.0,12.5,140
82800,Hour 23.0,LEO_NTN,Sat_LIVE-SIMULAT-064-015,1280.0,920.0,28.12,140
82800,Hour 23.0,LEO_NTN,Sat_LIVE-SIMULAT-058-016,1280.0,1040.0,18.75,28
82800,Hour 23.0,LEO_NTN,Sat_LIVE-SIMULAT-065-015,1280.0,1200.0,6.25,12
82800,Hour 23.0,LEO_NTN,Sat_LIVE-SIMULAT-057-016,1280.0,1040.0,18.75,34
82800,Hour 23.0,LEO_NTN,Sat_LIVE-SIMULAT-049-018,1280.0,920.0,28.12,47
82800,Hour 23.0,LEO_NTN,Sat_LIVE-SIMULAT-053-017,1280.0,880.0,31.25,56
82800,Hour 23.0,LEO_NTN,Sat_LIVE-SIMULAT-052-017,1280.0,1040.0,18.75,22
82800,Hour 23.0,LEO_NTN,Sat_LIVE-SIMULAT-063-015,1280.0,1040.0,18.75,31
82800,Hour 23.0,LEO_NTN,Sat_LIVE-SIMULAT-059-016,1280.0,1120.0,12.5,18
82800,Hour 23.0,LEO_NTN,Sat_LIVE-SIMULAT-047-018,1280.0,1120.0,12.5,10
82800,Hour 23.0,LEO_NTN,Sat_LIVE-SIMULAT-048-018,1280.0,1000.0,21.88,21
82800,Hour 23.0,LEO_NTN,Sat_LIVE-SIMULAT-054-017,1280.0,1160.0,9.38,6
82800,Hour 23.0,LEO_NTN,Sat_LIVE-SIMULAT-050-018,1280.0,1160.0,9.38,7
82800,Hour 23.0,LEO_NTN,Sat_LIVE-SIMULAT-056-016,1280.0,1240.0,3.12,1
82800,Hour 23.0,LEO_NTN,Sat_LIVE-SIMULAT-045-019,1280.0,1240.0,3.12,5
82800,Hour 23.0,LEO_NTN,Sat_LIVE-SIMULAT-051-017,1280.0,1240.0,3.12,3
86400,Hour 0.0,5G_TN,Tower_0,100.0,48.08455803091249,51.92,7
86400,Hour 0.0,5G_TN,Tower_1,100.0,75.7199321932161,24.28,8
86400,Hour 0.0,5G_TN,Tower_2,100.0,24.933068492283233,75.07,15
86400,Hour 0.0,5G_TN,Tower_3,100.0,49.7544881099443,50.25,11
86400,Hour 0.0,5G_TN,Tower_4,100.0,94.46823394461833,5.53,2
86400,Hour 0.0,5G_TN,Tower_5,100.0,59.962876058884945,40.04,4
86400,Hour 0.0,5G_TN,Tower_6,100.0,0.0,100.0,12
86400,Hour 0.0,5G_TN,Tower_7,100.0,74.24077387895777,25.76,5
86400,Hour 0.0,5G_TN,Tower_8,100.0,67.92684130956253,32.07,8
86400,Hour 0.0,5G_TN,Tower_9,100.0,68.1458276381897,31.85,7
86400,Hour 0.0,5G_TN,Tower_10,100.0,98.45106234382884,1.55,2
86400,Hour 0.0,5G_TN,Tower_11,100.0,95.070113261198,4.93,3
86400,Hour 0.0,5G_TN,Tower_12,100.0,53.59133300098907,46.41,7
86400,Hour 0.0,5G_TN,Tower_13,100.0,81.39929913617364,18.6,10
86400,Hour 0.0,5G_TN,Tower_14,100.0,97.25024670214508,2.75,5
86400,Hour 0.0,5G_TN,Tower_15,100.0,21.861625038271775,78.14,6
86400,Hour 0.0,5G_TN,Tower_16,100.0,0.0,100.0,19
86400,Hour 0.0,5G_TN,Tower_17,100.0,54.76304320889735,45.24,7
86400,Hour 0.0,5G_TN,Tower_18,100.0,67.71242800389876,32.29,6
86400,Hour 0.0,5G_TN,Tower_19,100.0,77.89232924838164,22.11,5
86400,Hour 0.0,5G_TN,Tower_20,100.0,27.656232757752203,72.34,9
86400,Hour 0.0,5G_TN,Tower_21,100.0,0.0,100.0,17
86400,Hour 0.0,5G_TN,Tower_22,100.0,28.086491274677652,71.91,14
86400,Hour 0.0,5G_TN,Tower_23,100.0,70.50915755079775,29.49,9
86400,Hour 0.0,5G_TN,Tower_24,100.0,5.380211827337183,94.62,9
86400,Hour 0.0,5G_TN,Tower_25,100.0,80.53854969878348,19.46,3
86400,Hour 0.0,5G_TN,Tower_26,100.0,77.38540296564663,22.61,4
86400,Hour 0.0,5G_TN,Tower_27,100.0,84.2572438960594,15.74,6
86400,Hour 0.0,5G_TN,Tower_28,100.0,82.35220009700318,17.65,7
86400,Hour 0.0,5G_TN,Tower_29,100.0,38.39604007244612,61.6,6
86400,Hour 0.0,5G_TN,Tower_30,100.0,1.029564376094006,98.97,9
86400,Hour 0.0,5G_TN,Tower_31,100.0,45.42720868337149,54.57,11
86400,Hour 0.0,5G_TN,Tower_32,100.0,92.40749889671926,7.59,8
86400,Hour 0.0,5G_TN,Tower_33,100.0,14.379293296789088,85.62,5
86400,Hour 0.0,5G_TN,Tower_34,100.0,98.61617121686145,1.38,2
86400,Hour 0.0,5G_TN,Tower_35,100.0,96.225562524301,3.77,5
86400,Hour 0.0,LEO_NTN,Sat_LIVE-SIMULAT-067-001,1280.0,800.0,37.5,199
86400,Hour 0.0,LEO_NTN,Sat_LIVE-SIMULAT-049-005,1280.0,1120.0,12.5,64
86400,Hour 0.0,LEO_NTN,Sat_LIVE-SIMULAT-068-001,1280.0,1040.0,18.75,66
86400,Hour 0.0,LEO_NTN,Sat_LIVE-SIMULAT-062-002,1280.0,1080.0,15.62,19
86400,Hour 0.0,LEO_NTN,Sat_LIVE-SIMULAT-055-003,1280.0,1200.0,6.25,14
86400,Hour 0.0,LEO_NTN,Sat_LIVE-SIMULAT-053-004,1280.0,920.0,28.12,39
86400,Hour 0.0,LEO_NTN,Sat_LIVE-SIMULAT-057-003,1280.0,960.0,25.0,35
86400,Hour 0.0,LEO_NTN,Sat_LIVE-SIMULAT-056-003,1280.0,880.0,31.25,51
86400,Hour 0.0,LEO_NTN,Sat_LIVE-SIMULAT-052-004,1280.0,960.0,25.0,26
86400,Hour 0.0,LEO_NTN,Sat_LIVE-SIMULAT-061-002,1280.0,1040.0,18.75,28
86400,Hour 0.0,LEO_NTN,Sat_LIVE-SIMULAT-063-002,1280.0,1200.0,6.25,11
86400,Hour 0.0,LEO_NTN,Sat_LIVE-SIMULAT-060-002,1280.0,1160.0,9.38,7
86400,Hour 0.0,LEO_NTN,Sat_LIVE-SIMULAT-051-004,1280.0,1080.0,15.62,18
86400,Hour 0.0,LEO_NTN,Sat_LIVE-SIMULAT-058-003,1280.0,1240.0,3.12,1
86400,Hour 0.0,LEO_NTN,Sat_LIVE-SIMULAT-050-004,1280.0,1240.0,3.12,1
