User_ID,Latitude,Longitude,Coverage_Type,Assigned_TN_Cell,Base_Demand_Mbps,Demand_Mbps_Hour_0,Demand_Mbps_Hour_1,Demand_Mbps_Hour_2,Demand_Mbps_Hour_3,Demand_Mbps_Hour_4,Demand_Mbps_Hour_5
0,42.8132,-81.2022,LEO,N/A (LEO),1.62,2.03,1.83,1.62,1.41,1.22,1.05
1,42.9484,-79.9439,TN,8,1.57,1.96,1.77,1.57,1.37,1.18,1.02
2,43.1796,-79.7886,TN,8,1.73,2.16,1.95,1.73,1.5,1.3,1.12
3,44.4494,-76.2592,TN,0,1.03,1.29,1.16,1.03,0.9,0.77,0.66
4,43.7725,-79.6086,TN,14,1.56,1.95,1.76,1.56,1.36,1.17,1.01
5,43.0133,-81.3652,TN,5,2.53,3.16,2.86,2.53,2.2,1.9,1.64
6,42.8983,-81.2334,TN,5,3.43,4.29,3.87,3.43,2.99,2.57,2.22
7,44.186,-76.4945,TN,0,4.77,5.96,5.39,4.77,4.15,3.58,3.08
8,46.4,-80.8679,TN,2,1.39,1.74,1.57,1.39,1.21,1.04,0.9
9,43.0969,-81.4152,TN,5,3.44,4.3,3.89,3.44,2.99,2.58,2.22
10,43.2156,-79.8116,TN,8,3.65,4.56,4.12,3.65,3.18,2.74,2.36
11,45.2133,-75.743,TN,22,3.27,4.09,3.69,3.27,2.85,2.45,2.11
12,44.3408,-76.4643,TN,0,1.35,1.69,1.53,1.35,1.18,1.02,0.88
13,42.9627,-81.2952,TN,5,2.55,3.19,2.89,2.55,2.22,1.92,1.65
14,45.7711,-75.5294,TN,22,4.86,6.08,5.49,4.86,4.23,3.65,3.14
15,42.8104,-81.2298,LEO,N/A (LEO),4.21,5.26,4.75,4.21,3.66,3.16,2.72
16,43.6435,-79.4213,TN,14,2.58,3.22,2.91,2.58,2.25,1.93,1.67
17,43.3454,-80.006,TN,23,4.16,5.2,4.7,4.16,3.62,3.12,2.69
18,43.2189,-79.9635,TN,23,1.46,1.83,1.65,1.46,1.27,1.1,0.95
19,43.4238,-79.2151,TN,3,1.25,1.57,1.42,1.25,1.09,0.94,0.81
20,46.667,-81.1447,TN,2,3.55,4.44,4.01,3.55,3.09,2.66,2.3
21,42.9433,-79.7096,TN,8,4.89,6.11,5.52,4.89,4.25,3.67,3.16
22,43.3042,-79.6393,TN,8,4.08,5.1,4.61,4.08,3.56,3.06,2.64
23,42.857,-79.7467,TN,8,1.1,1.38,1.24,1.1,0.96,0.83,0.71
24,44.2526,-76.507,TN,0,2.9,3.63,3.28,2.9,2.53,2.18,1.88
25,44.3655,-76.4871,TN,0,2.0,2.5,2.26,2.0,1.74,1.5,1.29
26,44.0172,-76.4614,LEO,N/A (LEO),4.77,5.96,5.39,4.77,4.15,3.58,3.08
27,43.3557,-79.8159,TN,8,3.5,4.37,3.95,3.5,3.04,2.62,2.26
28,46.6273,-80.9607,TN,2,4.21,5.27,4.76,4.21,3.67,3.16,2.72
29,43.1244,-81.2815,TN,5,2.3,2.87,2.59,2.3,2.0,1.72,1.49
30,43.0886,-81.2884,TN,5,2.09,2.61,2.36,2.09,1.82,1.57,1.35
31,43.4411,-79.9138,TN,23,4.44,5.55,5.02,4.44,3.87,3.33,2.87
32,46.0917,-80.9582,TN,2,1.89,2.36,2.13,1.89,1.64,1.42,1.22
33,43.114,-79.9926,TN,23,1.67,2.09,1.89,1.67,1.46,1.25,1.08
34,43.5506,-79.402,TN,14,2.02,2.52,2.28,2.02,1.75,1.51,1.3
35,42.9772,-81.501,TN,5,2.2,2.75,2.49,2.2,1.92,1.65,1.42
36,43.6403,-79.3283,TN,3,1.13,1.42,1.28,1.13,0.99,0.85,0.73
37,43.865,-79.2201,TN,3,3.12,3.9,3.53,3.12,2.72,2.34,2.02
38,45.5914,-75.5772,TN,22,1.95,2.44,2.2,1.95,1.7,1.46,1.26
39,46.7004,-81.2203,TN,2,3.53,4.42,3.99,3.53,3.08,2.65,2.28
40,43.3269,-79.7885,TN,8,1.6,2.0,1.81,1.6,1.4,1.2,1.04
41,43.506,-79.739,TN,8,1.07,1.33,1.2,1.07,0.93,0.8,0.69
42,43.1696,-79.7055,TN,8,1.38,1.73,1.56,1.38,1.21,1.04,0.9
43,43.5121,-79.1475,TN,3,4.75,5.93,5.36,4.75,4.13,3.56,3.07
44,43.8254,-79.249,TN,3,1.84,2.3,2.07,1.84,1.6,1.38,1.19
45,46.3358,-80.8988,TN,2,1.7,2.12,1.92,1.7,1.48,1.27,1.1
46,43.3934,-79.3622,TN,3,4.99,6.23,5.63,4.99,4.34,3.74,3.22
47,46.274,-80.8314,TN,2,2.4,3.0,2.71,2.4,2.09,1.8,1.55
48,43.2072,-79.7102,TN,8,4.55,5.69,5.14,4.55,3.96,3.41,2.94
49,43.0139,-81.1229,LEO,N/A (LEO),1.04,1.3,1.17,1.04,0.9,0.78,0.67
50,46.3422,-81.1741,TN,2,2.94,3.68,3.32,2.94,2.56,2.21,1.9
51,43.0713,-79.7715,TN,8,3.85,4.81,4.35,3.85,3.35,2.89,2.49
52,43.4505,-79.3838,TN,3,2.47,3.08,2.78,2.47,2.15,1.85,1.59
53,43.3733,-79.5855,TN,8,1.37,1.72,1.55,1.37,1.2,1.03,0.89
54,43.0522,-79.7619,TN,8,3.36,4.2,3.79,3.36,2.92,2.52,2.17
55,46.6218,-81.0459,TN,2,3.52,4.41,3.98,3.52,3.07,2.64,2.28
56,45.6151,-75.8915,TN,4,3.68,4.59,4.15,3.68,3.2,2.76,2.38
57,43.7439,-79.5086,TN,14,2.12,2.65,2.4,2.12,1.85,1.59,1.37
58,43.2483,-79.8414,TN,8,2.12,2.65,2.39,2.12,1.84,1.59,1.37
59,46.4714,-80.8989,TN,2,4.87,6.08,5.5,4.87,4.24,3.65,3.15
60,43.1076,-79.9595,TN,23,2.07,2.59,2.34,2.07,1.81,1.56,1.34
61,43.2821,-80.0569,TN,23,4.74,5.93,5.36,4.74,4.13,3.56,3.07
62,45.5153,-75.852,TN,4,2.43,3.04,2.75,2.43,2.12,1.83,1.57
63,43.0962,-80.0475,TN,23,4.39,5.49,4.96,4.39,3.83,3.3,2.84
64,43.5061,-79.1727,TN,3,2.17,2.72,2.46,2.17,1.89,1.63,1.41
65,45.4657,-75.6514,TN,22,4.65,5.82,5.26,4.65,4.05,3.49,3.01
66,45.3366,-75.7092,TN,22,4.55,5.68,5.13,4.55,3.96,3.41,2.94
67,42.7459,-80.9499,LEO,N/A (LEO),3.69,4.61,4.17,3.69,3.21,2.77,2.38
68,43.5972,-80.1501,TN,23,2.15,2.68,2.42,2.15,1.87,1.61,1.39
69,45.3581,-75.6007,TN,22,1.16,1.44,1.3,1.16,1.01,0.87,0.75
70,46.1913,-80.9461,TN,2,4.31,5.39,4.87,4.31,3.75,3.23,2.79
71,43.0624,-81.4406,TN,5,1.34,1.68,1.51,1.34,1.17,1.01,0.87
72,44.1738,-76.6837,TN,0,3.8,4.75,4.29,3.8,3.31,2.85,2.46
73,42.7838,-81.5486,TN,5,3.98,4.97,4.49,3.98,3.46,2.98,2.57
74,45.4957,-75.5601,TN,22,2.64,3.29,2.98,2.64,2.29,1.98,1.7
75,45.4027,-75.5652,TN,22,1.96,2.45,2.21,1.96,1.71,1.47,1.27
76,46.6318,-80.82,TN,2,2.12,2.65,2.39,2.12,1.85,1.59,1.37
77,44.2866,-76.2423,TN,0,3.45,4.31,3.89,3.45,3.0,2.59,2.23
78,43.1404,-80.062,TN,23,4.03,5.04,4.55,4.03,3.51,3.02,2.61
79,43.548,-79.4195,TN,14,1.38,1.72,1.55,1.38,1.2,1.03,0.89
80,46.5566,-80.8938,TN,2,2.9,3.62,3.27,2.9,2.52,2.17,1.87
81,45.5249,-75.6,TN,22,2.39,2.98,2.69,2.39,2.08,1.79,1.54
82,46.1908,-81.205,TN,2,3.46,4.33,3.91,3.46,3.02,2.6,2.24
83,44.1813,-76.4113,TN,0,1.06,1.33,1.2,1.06,0.92,0.8,0.69
84,43.4245,-79.8685,TN,23,3.63,4.54,4.11,3.63,3.16,2.73,2.35
85,43.0652,-81.2278,TN,5,4.78,5.97,5.4,4.78,4.16,3.58,3.09
86,43.0771,-81.2311,TN,5,3.3,4.13,3.73,3.3,2.87,2.48,2.13
87,45.2648,-75.6594,TN,22,4.24,5.31,4.79,4.24,3.7,3.18,2.74
88,43.2272,-79.7818,TN,8,4.84,6.06,5.47,4.84,4.22,3.63,3.13
89,45.3197,-75.8202,TN,4,1.86,2.32,2.1,1.86,1.62,1.39,1.2
90,46.417,-80.9789,TN,2,2.28,2.84,2.57,2.28,1.98,1.71,1.47
91,45.2513,-75.4977,TN,22,2.04,2.55,2.31,2.04,1.78,1.53,1.32
92,42.8236,-81.051,LEO,N/A (LEO),4.75,5.93,5.36,4.75,4.13,3.56,3.07
93,43.0473,-81.2618,TN,5,3.19,3.99,3.6,3.19,2.78,2.39,2.06
94,44.3421,-76.3984,TN,0,4.96,6.2,5.6,4.96,4.32,3.72,3.21
95,43.1716,-81.3387,TN,5,2.36,2.95,2.67,2.36,2.06,1.77,1.53
96,46.2599,-80.9555,TN,2,3.72,4.65,4.2,3.72,3.24,2.79,2.4
97,43.556,-79.5813,TN,14,3.14,3.92,3.54,3.14,2.73,2.35,2.03
98,42.9015,-81.1076,LEO,N/A (LEO),4.58,5.73,5.18,4.58,3.99,3.44,2.96
99,43.5883,-79.2324,TN,3,4.83,6.03,5.45,4.83,4.2,3.62,3.12
100,43.2668,-81.0902,TN,5,2.79,3.49,3.16,2.79,2.43,2.1,1.81
101,43.4185,-79.5485,TN,8,1.85,2.31,2.09,1.85,1.61,1.39,1.2
102,44.3236,-76.3957,TN,0,1.36,1.71,1.54,1.36,1.19,1.02,0.88
103,45.692,-75.6293,TN,22,4.87,6.09,5.51,4.87,4.24,3.66,3.15
104,43.7421,-79.1763,TN,3,1.4,1.76,1.59,1.4,1.22,1.05,0.91
105,46.425,-80.9794,TN,2,4.29,5.36,4.84,4.29,3.73,3.22,2.77
106,45.4267,-75.8664,TN,4,1.93,2.42,2.18,1.93,1.68,1.45,1.25
107,44.4032,-76.5616,TN,0,4.79,5.99,5.41,4.79,4.17,3.59,3.1
108,43.3885,-79.2196,TN,3,3.83,4.79,4.33,3.83,3.34,2.87,2.48
109,43.2966,-79.6487,TN,8,2.7,3.37,3.05,2.7,2.35,2.02,1.74
110,45.3113,-75.9714,TN,4,2.01,2.52,2.28,2.01,1.75,1.51,1.3
111,45.3176,-75.6972,TN,22,1.48,1.84,1.67,1.48,1.28,1.11,0.95
112,44.3132,-76.38,TN,0,3.72,4.66,4.21,3.72,3.24,2.79,2.41
113,42.9637,-81.1897,TN,5,2.14,2.68,2.42,2.14,1.87,1.61,1.39
114,43.6836,-79.3781,TN,14,1.3,1.62,1.46,1.3,1.13,0.97,0.84
115,43.1792,-79.8374,TN,8,1.66,2.08,1.88,1.66,1.45,1.25,1.08
116,43.5852,-79.101,TN,3,3.51,4.39,3.96,3.51,3.06,2.63,2.27
117,46.7055,-81.1153,TN,2,4.66,5.83,5.26,4.66,4.06,3.5,3.01
118,45.7485,-75.8112,TN,4,2.11,2.64,2.38,2.11,1.84,1.58,1.36
119,42.7986,-81.0116,LEO,N/A (LEO),1.92,2.4,2.17,1.92,1.67,1.44,1.24
120,42.6931,-81.1956,LEO,N/A (LEO),4.26,5.32,4.81,4.26,3.7,3.19,2.75
121,42.8831,-81.3105,TN,5,1.3,1.63,1.47,1.3,1.14,0.98,0.84
122,46.292,-80.7353,TN,2,4.73,5.91,5.34,4.73,4.12,3.55,3.06
123,45.2352,-75.6616,TN,22,2.65,3.31,2.99,2.65,2.3,1.98,1.71
124,46.5343,-81.1746,TN,2,2.52,3.15,2.85,2.52,2.2,1.89,1.63
125,46.5288,-80.8251,TN,2,1.25,1.57,1.42,1.25,1.09,0.94,0.81
126,43.4108,-79.4699,TN,14,1.23,1.53,1.38,1.23,1.07,0.92,0.79
127,46.5414,-80.7233,TN,2,4.0,5.0,4.52,4.0,3.48,3.0,2.59
128,43.4774,-79.8231,TN,23,4.78,5.97,5.4,4.78,4.16,3.58,3.09
129,45.2174,-75.7856,TN,4,1.82,2.28,2.06,1.82,1.58,1.37,1.18
130,43.668,-79.3028,TN,3,1.91,2.39,2.16,1.91,1.67,1.44,1.24
131,43.1283,-79.4202,TN,8,4.33,5.41,4.89,4.33,3.77,3.24,2.8
132,45.4455,-75.517,TN,22,3.24,4.05,3.66,3.24,2.82,2.43,2.1
133,46.5521,-80.8087,TN,2,2.92,3.65,3.3,2.92,2.54,2.19,1.89
134,44.4534,-76.3583,TN,0,1.85,2.31,2.09,1.85,1.61,1.39,1.2
135,46.5205,-81.0026,TN,2,3.43,4.29,3.88,3.43,2.99,2.57,2.22
136,45.2425,-75.9959,TN,4,4.62,5.77,5.21,4.62,4.02,3.46,2.98
137,42.6756,-80.9558,LEO,N/A (LEO),4.64,5.8,5.24,4.64,4.04,3.48,3.0
138,46.6372,-80.9604,TN,2,4.8,6.0,5.42,4.8,4.18,3.6,3.1
139,43.1618,-81.2716,TN,5,4.08,5.09,4.6,4.08,3.55,3.06,2.63
140,43.0376,-81.2549,TN,5,2.97,3.71,3.35,2.97,2.59,2.23,1.92
141,44.2863,-76.6957,TN,0,2.37,2.96,2.67,2.37,2.06,1.77,1.53
142,44.0013,-79.5453,TN,14,2.6,3.25,2.94,2.6,2.26,1.95,1.68
143,42.9029,-81.4089,TN,5,4.59,5.73,5.18,4.59,3.99,3.44,2.97
144,43.3202,-79.8677,TN,23,3.41,4.26,3.85,3.41,2.97,2.56,2.2
145,43.1277,-79.9539,TN,23,1.35,1.69,1.53,1.35,1.18,1.02,0.88
146,43.3281,-79.3031,TN,3,4.58,5.72,5.17,4.58,3.98,3.43,2.96
147,43.9447,-79.3747,TN,14,1.16,1.45,1.31,1.16,1.01,0.87,0.75
148,43.9446,-79.4096,TN,14,3.05,3.81,3.44,3.05,2.65,2.28,1.97
149,43.3777,-79.9631,TN,23,3.99,4.99,4.51,3.99,3.48,2.99,2.58
150,44.2336,-76.4427,TN,0,4.7,5.87,5.3,4.7,4.09,3.52,3.04
151,46.2627,-80.805,TN,2,2.85,3.56,3.22,2.85,2.48,2.14,1.84
152,44.29,-76.6077,TN,0,4.38,5.47,4.94,4.38,3.81,3.28,2.83
153,43.1042,-79.8581,TN,8,2.79,3.49,3.15,2.79,2.43,2.09,1.8
154,43.1193,-79.904,TN,8,3.95,4.94,4.46,3.95,3.44,2.96,2.55
155,42.883,-81.4122,TN,5,1.48,1.85,1.67,1.48,1.29,1.11,0.96
156,43.5975,-79.6966,TN,14,2.42,3.03,2.73,2.42,2.11,1.82,1.56
157,43.5189,-79.3805,TN,3,3.15,3.94,3.56,3.15,2.74,2.36,2.04
158,45.7327,-75.4814,TN,22,3.26,4.07,3.68,3.26,2.84,2.44,2.11
159,45.2887,-75.8974,TN,4,3.58,4.48,4.05,3.58,3.12,2.69,2.32
160,45.4183,-75.9357,TN,4,2.32,2.9,2.62,2.32,2.02,1.74,1.5
161,43.5958,-79.4158,TN,14,1.61,2.01,1.82,1.61,1.4,1.21,1.04
162,43.0996,-81.2282,TN,5,1.02,1.28,1.15,1.02,0.89,0.77,0.66
163,46.3814,-81.0899,TN,2,3.67,4.59,4.15,3.67,3.2,2.76,2.38
164,43.6929,-79.1125,TN,3,2.91,3.63,3.28,2.91,2.53,2.18,1.88
165,44.1306,-76.4044,LEO,N/A (LEO),2.29,2.87,2.59,2.29,2.0,1.72,1.48
166,43.3461,-79.9922,TN,23,3.12,3.9,3.52,3.12,2.72,2.34,2.02
167,43.4214,-79.2603,TN,3,3.32,4.16,3.76,3.32,2.89,2.49,2.15
168,43.2203,-79.7985,TN,8,3.38,4.22,3.81,3.38,2.94,2.53,2.18
169,46.3609,-81.0677,TN,2,1.25,1.57,1.42,1.25,1.09,0.94,0.81
170,43.074,-81.4019,TN,5,1.35,1.69,1.53,1.35,1.18,1.01,0.87
171,44.5885,-76.5807,TN,0,4.18,5.22,4.72,4.18,3.64,3.13,2.7
172,43.7177,-79.2834,TN,3,2.63,3.29,2.97,2.63,2.29,1.98,1.7
173,44.2555,-76.4766,TN,0,1.72,2.16,1.95,1.72,1.5,1.29,1.12
174,43.2775,-79.817,TN,8,1.19,1.49,1.35,1.19,1.04,0.89,0.77
175,44.2806,-76.5518,TN,0,1.81,2.26,2.04,1.81,1.57,1.35,1.17
176,46.4236,-80.9412,TN,2,1.94,2.43,2.19,1.94,1.69,1.46,1.26
177,46.1588,-80.9559,TN,2,4.51,5.64,5.09,4.51,3.93,3.38,2.91
178,43.5749,-79.0939,TN,3,3.86,4.82,4.35,3.86,3.36,2.89,2.49
179,43.3562,-79.5387,TN,8,2.75,3.44,3.11,2.75,2.4,2.07,1.78
180,43.699,-79.4129,TN,14,2.54,3.17,2.86,2.54,2.21,1.9,1.64
181,46.1466,-80.7951,TN,2,2.33,2.91,2.63,2.33,2.03,1.75,1.51
182,43.1188,-79.9301,TN,23,4.18,5.22,4.72,4.18,3.64,3.13,2.7
183,44.4859,-76.4948,TN,0,3.29,4.12,3.72,3.29,2.87,2.47,2.13
184,44.1611,-76.6175,TN,0,1.99,2.49,2.25,1.99,1.74,1.5,1.29
185,43.6607,-79.4516,TN,14,4.05,5.06,4.57,4.05,3.53,3.04,2.62
186,43.1891,-79.8309,TN,8,3.15,3.93,3.55,3.15,2.74,2.36,2.03
187,43.3186,-81.39,TN,5,3.01,3.76,3.4,3.01,2.62,2.26,1.95
188,43.8441,-76.5478,LEO,N/A (LEO),4.09,5.11,4.62,4.09,3.56,3.07,2.64
189,43.4579,-79.7187,TN,8,3.17,3.96,3.58,3.17,2.76,2.38,2.05
190,43.4273,-79.8163,TN,23,4.84,6.05,5.46,4.84,4.21,3.63,3.13
191,46.429,-81.2278,TN,2,2.15,2.69,2.43,2.15,1.87,1.61,1.39
192,43.292,-80.0388,TN,23,3.02,3.78,3.41,3.02,2.63,2.27,1.95
193,43.7802,-79.5205,TN,14,3.37,4.21,3.81,3.37,2.94,2.53,2.18
194,43.2473,-81.1615,TN,5,4.69,5.86,5.3,4.69,4.08,3.52,3.03
195,45.3296,-75.4947,TN,22,1.28,1.59,1.44,1.28,1.11,0.96,0.82
196,43.2776,-79.855,TN,8,4.7,5.88,5.31,4.7,4.09,3.53,3.04
197,44.0308,-79.3014,TN,14,2.6,3.25,2.93,2.6,2.26,1.95,1.68
198,43.5305,-79.2809,TN,3,4.15,5.19,4.69,4.15,3.61,3.11,2.68
199,45.2682,-75.9382,TN,4,3.15,3.94,3.56,3.15,2.74,2.36,2.04
200,43.2402,-79.7489,TN,8,2.92,3.65,3.3,2.92,2.55,2.19,1.89
201,43.0246,-79.9091,TN,8,2.81,3.51,3.17,2.81,2.45,2.11,1.82
202,43.3208,-80.0995,TN,23,1.66,2.08,1.88,1.66,1.45,1.25,1.07
203,44.1954,-76.3856,TN,0,3.32,4.15,3.75,3.32,2.89,2.49,2.15
204,46.3891,-81.1083,TN,2,3.06,3.83,3.46,3.06,2.66,2.3,1.98
205,43.5301,-79.4047,TN,14,4.99,6.23,5.63,4.99,4.34,3.74,3.22
206,43.491,-79.5477,TN,14,2.59,3.24,2.92,2.59,2.25,1.94,1.67
207,43.2797,-79.8917,TN,23,1.82,2.28,2.06,1.82,1.58,1.37,1.18
208,44.0149,-76.2702,LEO,N/A (LEO),4.35,5.43,4.91,4.35,3.78,3.26,2.81
209,43.4583,-80.2689,TN,23,2.76,3.45,3.12,2.76,2.41,2.07,1.79
210,45.6588,-75.6927,TN,22,1.41,1.76,1.59,1.41,1.23,1.06,0.91
211,44.2465,-76.5176,TN,0,2.09,2.61,2.36,2.09,1.82,1.57,1.35
212,43.0834,-79.6072,TN,8,1.1,1.38,1.24,1.1,0.96,0.83,0.71
213,43.1633,-81.5761,TN,5,2.02,2.52,2.28,2.02,1.75,1.51,1.3
214,43.6357,-79.8476,TN,23,2.36,2.95,2.66,2.36,2.05,1.77,1.52
215,44.3051,-76.648,TN,0,1.95,2.44,2.21,1.95,1.7,1.46,1.26
216,45.6075,-75.627,TN,22,4.85,6.06,5.48,4.85,4.22,3.64,3.14
217,42.8178,-81.1576,LEO,N/A (LEO),2.17,2.72,2.45,2.17,1.89,1.63,1.4
218,45.4689,-75.8777,TN,4,2.69,3.36,3.03,2.69,2.34,2.01,1.74
219,45.4541,-75.5778,TN,22,2.34,2.93,2.65,2.34,2.04,1.76,1.51
220,45.3706,-75.7045,TN,22,4.32,5.4,4.88,4.32,3.76,3.24,2.79
221,44.417,-76.8155,TN,0,2.74,3.43,3.1,2.74,2.39,2.06,1.77
222,42.9267,-81.2114,TN,5,3.26,4.08,3.69,3.26,2.84,2.45,2.11
223,43.2671,-79.8475,TN,8,2.7,3.38,3.05,2.7,2.35,2.03,1.75
224,43.5052,-79.8568,TN,23,3.8,4.74,4.29,3.8,3.3,2.85,2.45
225,43.5566,-79.4427,TN,14,4.34,5.42,4.9,4.34,3.78,3.25,2.81
226,43.1455,-81.0773,LEO,N/A (LEO),4.29,5.36,4.85,4.29,3.74,3.22,2.77
227,44.2288,-76.2861,TN,0,1.27,1.59,1.43,1.27,1.1,0.95,0.82
228,44.3844,-76.4191,TN,0,1.83,2.28,2.06,1.83,1.59,1.37,1.18
229,45.3564,-75.7869,TN,4,2.07,2.58,2.33,2.07,1.8,1.55,1.34
230,43.4931,-79.6344,TN,14,3.66,4.58,4.13,3.66,3.19,2.75,2.37
231,45.3963,-75.569,TN,22,2.53,3.17,2.86,2.53,2.2,1.9,1.64
232,45.1418,-75.8384,TN,4,4.83,6.04,5.46,4.83,4.21,3.63,3.13
233,43.678,-79.4933,TN,14,1.98,2.48,2.24,1.98,1.72,1.49,1.28
234,44.1962,-76.3089,TN,0,4.66,5.83,5.27,4.66,4.06,3.5,3.01
235,43.3361,-80.133,TN,23,2.9,3.63,3.28,2.9,2.53,2.18,1.88
236,46.4825,-81.1779,TN,2,2.08,2.6,2.35,2.08,1.81,1.56,1.34
237,43.0225,-81.2921,TN,5,4.39,5.48,4.95,4.39,3.82,3.29,2.84
238,42.9966,-79.7219,TN,8,4.08,5.1,4.61,4.08,3.56,3.06,2.64
239,44.0398,-76.6894,LEO,N/A (LEO),2.65,3.31,2.99,2.65,2.31,1.99,1.71
240,44.136,-76.2181,LEO,N/A (LEO),1.99,2.48,2.24,1.99,1.73,1.49,1.28
241,43.2038,-79.9688,TN,23,4.23,5.29,4.78,4.23,3.68,3.17,2.73
242,43.4521,-79.4139,TN,3,3.17,3.96,3.58,3.17,2.76,2.38,2.05
243,43.3725,-79.7772,TN,8,3.64,4.54,4.11,3.64,3.16,2.73,2.35
244,46.496,-81.0083,TN,2,4.61,5.77,5.21,4.61,4.02,3.46,2.98
245,43.0444,-81.2188,TN,5,1.72,2.15,1.95,1.72,1.5,1.29,1.11
246,43.9371,-76.5319,LEO,N/A (LEO),1.48,1.85,1.67,1.48,1.29,1.11,0.96
247,43.6211,-79.4031,TN,14,2.69,3.36,3.03,2.69,2.34,2.02,1.74
248,44.3994,-76.5021,TN,0,4.38,5.47,4.94,4.38,3.81,3.28,2.83
249,45.7487,-75.639,TN,22,3.6,4.5,4.07,3.6,3.13,2.7,2.33
250,43.1216,-79.4587,TN,8,4.54,5.67,5.13,4.54,3.95,3.4,2.93
251,43.4384,-80.0042,TN,23,1.26,1.58,1.42,1.26,1.1,0.95,0.82
252,43.9564,-79.3072,TN,14,3.95,4.94,4.46,3.95,3.44,2.96,2.55
253,43.6901,-79.2466,TN,3,1.93,2.41,2.18,1.93,1.68,1.45,1.25
254,43.2623,-79.7102,TN,8,4.76,5.95,5.37,4.76,4.14,3.57,3.07
255,43.2464,-79.9533,TN,23,3.32,4.15,3.75,3.32,2.89,2.49,2.15
256,42.7277,-81.5138,TN,5,3.95,4.94,4.46,3.95,3.44,2.96,2.55
257,46.4887,-81.0302,TN,2,2.19,2.74,2.47,2.19,1.9,1.64,1.41
258,45.2694,-75.8052,TN,4,1.17,1.46,1.32,1.17,1.02,0.88,0.76
259,43.6132,-79.5125,TN,14,1.5,1.87,1.69,1.5,1.3,1.12,0.97
260,43.2251,-79.9938,TN,23,4.52,5.65,5.1,4.52,3.93,3.39,2.92
261,46.6147,-80.9789,TN,2,4.96,6.2,5.6,4.96,4.32,3.72,3.2
262,42.9576,-81.3489,TN,5,4.35,5.44,4.91,4.35,3.79,3.26,2.81
263,46.5334,-80.6417,TN,2,1.92,2.4,2.17,1.92,1.67,1.44,1.24
264,45.3576,-75.7056,TN,22,4.83,6.04,5.45,4.83,4.2,3.62,3.12
265,46.5673,-80.8309,TN,2,1.87,2.33,2.11,1.87,1.62,1.4,1.21
266,43.594,-79.556,TN,14,4.03,5.04,4.55,4.03,3.51,3.02,2.61
267,46.8254,-81.1099,TN,2,3.99,4.99,4.51,3.99,3.47,2.99,2.58
268,43.8821,-79.1106,TN,3,1.37,1.71,1.54,1.37,1.19,1.02,0.88
269,43.4259,-79.4874,TN,14,2.91,3.63,3.28,2.91,2.53,2.18,1.88
270,43.3315,-79.7075,TN,8,3.2,4.0,3.62,3.2,2.79,2.4,2.07
271,43.1052,-79.998,TN,23,1.02,1.28,1.15,1.02,0.89,0.77,0.66
272,43.245,-79.6008,TN,8,1.32,1.66,1.5,1.32,1.15,0.99,0.86
273,42.9865,-81.0954,LEO,N/A (LEO),4.63,5.78,5.22,4.63,4.03,3.47,2.99
274,43.4486,-80.0398,TN,23,3.26,4.08,3.69,3.26,2.84,2.45,2.11
275,44.2536,-76.2303,TN,0,4.47,5.59,5.05,4.47,3.89,3.35,2.89
276,43.1031,-81.1739,TN,5,3.79,4.74,4.28,3.79,3.3,2.84,2.45
277,45.4677,-75.7844,TN,4,1.76,2.2,1.98,1.76,1.53,1.32,1.14
278,44.1745,-76.615,TN,0,3.97,4.97,4.49,3.97,3.46,2.98,2.57
279,45.4827,-75.6299,TN,22,3.03,3.79,3.42,3.03,2.64,2.27,1.96
280,45.5427,-75.9134,TN,4,4.92,6.16,5.56,4.92,4.29,3.69,3.18
281,43.6075,-79.5123,TN,14,1.04,1.3,1.17,1.04,0.9,0.78,0.67
282,44.1838,-76.4571,TN,0,4.04,5.06,4.57,4.04,3.52,3.03,2.61
283,45.598,-75.7255,TN,4,2.57,3.21,2.9,2.57,2.24,1.93,1.66
284,46.6056,-80.9085,TN,2,1.7,2.12,1.91,1.7,1.48,1.27,1.1
285,42.952,-81.3107,TN,5,3.83,4.79,4.33,3.83,3.34,2.87,2.48
286,46.4549,-80.733,TN,2,1.23,1.54,1.39,1.23,1.07,0.92,0.8
287,43.162,-79.5834,TN,8,3.59,4.49,4.05,3.59,3.13,2.69,2.32
288,43.2148,-81.2599,TN,5,3.73,4.67,4.22,3.73,3.25,2.8,2.41
289,45.4031,-75.8737,TN,4,4.78,5.97,5.4,4.78,4.16,3.58,3.09
290,43.0655,-79.8967,TN,8,4.18,5.22,4.72,4.18,3.64,3.13,2.7
291,44.3551,-76.5642,TN,0,4.09,5.11,4.62,4.09,3.56,3.07,2.64
292,42.788,-81.1191,LEO,N/A (LEO),4.8,6.0,5.43,4.8,4.18,3.6,3.11
293,42.703,-81.335,TN,5,2.28,2.85,2.58,2.28,1.99,1.71,1.48
294,46.3834,-81.1104,TN,2,1.12,1.41,1.27,1.12,0.98,0.84,0.73
295,43.7254,-79.1219,TN,3,2.89,3.61,3.26,2.89,2.51,2.16,1.87
296,43.3014,-79.8015,TN,8,4.08,5.1,4.61,4.08,3.56,3.06,2.64
297,46.4345,-81.0065,TN,2,4.19,5.23,4.73,4.19,3.65,3.14,2.71
298,43.1674,-81.1763,TN,5,2.93,3.66,3.3,2.93,2.55,2.19,1.89
299,46.7357,-80.7848,TN,2,1.99,2.49,2.25,1.99,1.73,1.49,1.29
300,43.644,-79.5946,TN,14,1.26,1.57,1.42,1.26,1.09,0.94,0.81
301,46.6236,-81.2677,TN,2,2.73,3.42,3.09,2.73,2.38,2.05,1.77
302,44.2122,-76.6667,TN,0,3.72,4.65,4.2,3.72,3.24,2.79,2.41
303,45.7908,-75.7644,TN,4,2.17,2.71,2.45,2.17,1.89,1.62,1.4
304,44.2687,-76.4196,TN,0,4.0,5.0,4.51,4.0,3.48,3.0,2.58
305,43.6495,-79.5538,TN,14,3.47,4.34,3.92,3.47,3.02,2.6,2.24
306,43.1575,-81.3491,TN,5,4.76,5.96,5.38,4.76,4.15,3.57,3.08
307,43.5186,-79.3744,TN,3,2.4,3.0,2.71,2.4,2.09,1.8,1.55
308,43.5793,-79.2187,TN,3,2.29,2.86,2.58,2.29,1.99,1.72,1.48
309,46.7597,-80.9139,TN,2,4.2,5.25,4.75,4.2,3.66,3.15,2.72
310,45.4353,-75.7311,TN,22,4.81,6.01,5.43,4.81,4.18,3.6,3.11
311,44.5018,-76.4363,TN,0,4.48,5.6,5.06,4.48,3.9,3.36,2.9
312,45.6098,-75.6061,TN,22,3.45,4.31,3.9,3.45,3.0,2.59,2.23
313,43.2672,-79.7275,TN,8,4.27,5.34,4.82,4.27,3.72,3.2,2.76
314,45.333,-75.6936,TN,22,1.66,2.07,1.87,1.66,1.44,1.24,1.07
315,46.3923,-81.0826,TN,2,4.49,5.61,5.07,4.49,3.91,3.37,2.9
316,45.367,-75.994,TN,4,3.98,4.97,4.49,3.98,3.46,2.98,2.57
317,44.3228,-76.3206,TN,0,2.99,3.74,3.38,2.99,2.61,2.24,1.93
318,45.4959,-75.9896,TN,4,2.97,3.72,3.36,2.97,2.59,2.23,1.92
319,43.072,-81.4034,TN,5,1.29,1.61,1.46,1.29,1.12,0.97,0.83
320,43.5995,-79.3272,TN,3,4.84,6.05,5.47,4.84,4.22,3.63,3.13
321,45.3475,-75.4539,TN,22,2.38,2.98,2.69,2.38,2.08,1.79,1.54
322,42.9843,-81.013,LEO,N/A (LEO),3.17,3.97,3.58,3.17,2.76,2.38,2.05
323,43.0157,-79.5697,TN,8,3.9,4.88,4.41,3.9,3.4,2.93,2.52
324,42.7351,-81.3359,TN,5,3.37,4.21,3.81,3.37,2.93,2.53,2.18
325,46.2984,-81.2423,TN,2,2.86,3.58,3.23,2.86,2.49,2.15,1.85
326,44.1362,-76.4306,LEO,N/A (LEO),3.86,4.83,4.36,3.86,3.36,2.9,2.5
327,46.4075,-81.1107,TN,2,4.89,6.11,5.52,4.89,4.25,3.66,3.16
328,44.2262,-76.3141,TN,0,1.99,2.49,2.25,1.99,1.73,1.49,1.29
329,43.2215,-81.4969,TN,5,3.32,4.15,3.75,3.32,2.89,2.49,2.14
330,42.8067,-81.2021,LEO,N/A (LEO),2.56,3.21,2.9,2.56,2.23,1.92,1.66
331,43.8071,-79.4243,TN,14,1.04,1.3,1.17,1.04,0.9,0.78,0.67
332,43.5798,-79.328,TN,3,4.88,6.1,5.51,4.88,4.25,3.66,3.15
333,43.2274,-79.7207,TN,8,2.32,2.9,2.62,2.32,2.02,1.74,1.5
334,44.3794,-76.5641,TN,0,2.72,3.4,3.08,2.72,2.37,2.04,1.76
335,43.0682,-81.2327,TN,5,2.01,2.51,2.27,2.01,1.75,1.51,1.3
336,46.6171,-80.8266,TN,2,2.9,3.62,3.27,2.9,2.52,2.17,1.87
337,43.5798,-79.1113,TN,3,4.46,5.57,5.03,4.46,3.88,3.34,2.88
338,46.4511,-81.0395,TN,2,2.08,2.6,2.35,2.08,1.81,1.56,1.34
339,45.3718,-75.7577,TN,4,1.21,1.51,1.36,1.21,1.05,0.91,0.78
340,43.6304,-79.5352,TN,14,4.74,5.92,5.35,4.74,4.12,3.55,3.06
341,44.2586,-76.6242,TN,0,3.75,4.69,4.24,3.75,3.27,2.81,2.43
342,43.1174,-81.198,TN,5,2.82,3.52,3.18,2.82,2.45,2.11,1.82
343,43.5633,-79.8909,TN,23,1.56,1.95,1.76,1.56,1.36,1.17,1.01
344,46.6562,-81.166,TN,2,1.81,2.26,2.04,1.81,1.57,1.36,1.17
345,45.51,-75.8115,TN,4,1.62,2.03,1.83,1.62,1.41,1.22,1.05
346,46.4614,-80.9774,TN,2,3.77,4.71,4.26,3.77,3.28,2.83,2.44
347,45.4046,-75.694,TN,22,1.98,2.47,2.23,1.98,1.72,1.48,1.28
348,45.4502,-75.5324,TN,22,1.12,1.4,1.27,1.12,0.98,0.84,0.73
349,43.8158,-79.2019,TN,3,1.86,2.33,2.1,1.86,1.62,1.4,1.2
350,46.735,-81.182,TN,2,1.43,1.78,1.61,1.43,1.24,1.07,0.92
351,43.0314,-81.4167,TN,5,2.27,2.84,2.57,2.27,1.98,1.7,1.47
352,43.8008,-79.4179,TN,14,4.13,5.16,4.66,4.13,3.6,3.1,2.67
353,44.1393,-76.539,TN,0,3.6,4.5,4.07,3.6,3.14,2.7,2.33
354,46.6684,-81.1941,TN,2,4.23,5.29,4.78,4.23,3.68,3.17,2.74
355,45.3654,-75.5771,TN,22,4.48,5.59,5.05,4.48,3.9,3.36,2.89
356,43.6681,-79.5343,TN,14,1.02,1.28,1.16,1.02,0.89,0.77,0.66
357,43.4583,-79.6266,TN,8,3.78,4.73,4.27,3.78,3.29,2.84,2.44
358,43.3118,-81.0832,TN,5,3.18,3.98,3.59,3.18,2.77,2.39,2.06
359,43.4963,-79.7185,TN,8,3.48,4.35,3.93,3.48,3.03,2.61,2.25
360,46.9613,-81.005,TN,2,4.81,6.01,5.43,4.81,4.18,3.6,3.11
361,45.3519,-75.693,TN,22,2.36,2.96,2.67,2.36,2.06,1.77,1.53
362,42.9934,-81.4272,TN,5,1.98,2.48,2.24,1.98,1.73,1.49,1.28
363,43.1876,-81.1654,TN,5,4.25,5.31,4.8,4.25,3.7,3.19,2.75
364,45.4469,-75.4169,TN,22,4.29,5.36,4.84,4.29,3.73,3.22,2.77
365,43.2121,-79.8112,TN,8,4.71,5.89,5.32,4.71,4.1,3.53,3.04
366,42.9517,-81.167,LEO,N/A (LEO),1.41,1.76,1.59,1.41,1.22,1.05,0.91
367,44.2993,-76.1379,TN,0,3.68,4.6,4.16,3.68,3.2,2.76,2.38
368,44.257,-76.2812,TN,0,2.25,2.81,2.54,2.25,1.95,1.68,1.45
369,42.8725,-81.0162,LEO,N/A (LEO),4.91,6.13,5.54,4.91,4.27,3.68,3.17
370,45.3999,-75.7139,TN,22,3.72,4.66,4.21,3.72,3.24,2.79,2.41
371,45.339,-75.613,TN,22,2.18,2.73,2.46,2.18,1.9,1.64,1.41
372,43.4111,-79.3139,TN,3,4.85,6.06,5.48,4.85,4.22,3.64,3.14
373,43.0516,-81.5915,TN,5,1.45,1.81,1.64,1.45,1.26,1.09,0.94
374,44.4109,-76.4324,TN,0,4.54,5.67,5.12,4.54,3.95,3.4,2.93
375,43.7369,-79.2059,TN,3,1.7,2.12,1.92,1.7,1.48,1.27,1.1
376,43.4634,-79.4839,TN,14,4.12,5.15,4.66,4.12,3.59,3.09,2.66
377,45.5239,-75.6214,TN,22,3.69,4.61,4.16,3.69,3.21,2.76,2.38
378,43.6859,-79.4973,TN,14,2.81,3.51,3.17,2.81,2.44,2.11,1.81
379,45.3529,-75.7779,TN,4,4.48,5.6,5.06,4.48,3.9,3.36,2.89
380,43.6222,-79.3995,TN,14,1.09,1.37,1.24,1.09,0.95,0.82,0.71
381,43.3946,-79.5384,TN,8,1.93,2.41,2.18,1.93,1.68,1.45,1.25
382,46.4079,-80.9855,TN,2,1.57,1.96,1.77,1.57,1.36,1.18,1.01
383,43.5008,-79.7316,TN,8,2.77,3.46,3.13,2.77,2.41,2.08,1.79
384,44.3765,-76.3244,TN,0,4.97,6.21,5.61,4.97,4.32,3.72,3.21
385,43.0385,-81.0694,LEO,N/A (LEO),2.35,2.94,2.65,2.35,2.04,1.76,1.52
386,44.0649,-76.5967,LEO,N/A (LEO),2.42,3.02,2.73,2.42,2.11,1.81,1.56
387,43.1658,-81.2822,TN,5,3.68,4.6,4.15,3.68,3.2,2.76,2.38
388,43.0151,-81.4834,TN,5,4.52,5.65,5.11,4.52,3.94,3.39,2.92
389,45.2557,-75.5801,TN,22,2.83,3.53,3.19,2.83,2.46,2.12,1.83
390,46.5942,-80.718,TN,2,3.92,4.9,4.43,3.92,3.41,2.94,2.54
391,46.6203,-81.2794,TN,2,1.36,1.69,1.53,1.36,1.18,1.02,0.88
392,44.3108,-76.6281,TN,0,1.8,2.25,2.04,1.8,1.57,1.35,1.17
393,45.4033,-75.8256,TN,4,4.02,5.03,4.55,4.02,3.5,3.02,2.6
394,43.2997,-79.4549,TN,8,1.48,1.85,1.67,1.48,1.29,1.11,0.96
395,43.2609,-79.753,TN,8,4.37,5.46,4.93,4.37,3.8,3.28,2.82
396,44.1945,-76.5495,TN,0,4.15,5.19,4.69,4.15,3.61,3.11,2.68
397,43.6733,-79.0101,TN,3,1.64,2.05,1.85,1.64,1.43,1.23,1.06
398,44.1121,-76.6897,TN,0,1.35,1.69,1.53,1.35,1.18,1.01,0.87
399,43.259,-80.1116,TN,23,4.3,5.38,4.86,4.3,3.74,3.23,2.78
400,46.8134,-81.1797,TN,2,3.06,3.83,3.46,3.06,2.67,2.3,1.98
401,43.3048,-79.6597,TN,8,3.27,4.08,3.69,3.27,2.84,2.45,2.11
402,42.9923,-81.2648,TN,5,2.52,3.15,2.85,2.52,2.2,1.89,1.63
403,45.4601,-75.6417,TN,22,4.16,5.2,4.7,4.16,3.62,3.12,2.69
404,42.8981,-81.1028,LEO,N/A (LEO),1.09,1.36,1.23,1.09,0.95,0.82,0.71
405,43.0945,-79.673,TN,8,4.9,6.13,5.54,4.9,4.27,3.68,3.17
406,45.3862,-75.6604,TN,22,4.45,5.56,5.02,4.45,3.87,3.34,2.88
407,42.8265,-81.2047,LEO,N/A (LEO),4.59,5.74,5.19,4.59,4.0,3.44,2.97
408,46.4916,-81.2068,TN,2,2.59,3.24,2.93,2.59,2.26,1.95,1.68
409,43.5301,-79.3273,TN,3,2.91,3.64,3.29,2.91,2.54,2.18,1.88
410,43.0562,-81.2419,TN,5,2.73,3.41,3.08,2.73,2.38,2.05,1.76
411,44.3389,-76.5588,TN,0,1.0,1.25,1.13,1.0,0.87,0.75,0.65
412,43.4796,-79.6872,TN,8,1.61,2.01,1.82,1.61,1.4,1.21,1.04
413,43.0503,-79.8283,TN,8,1.85,2.31,2.09,1.85,1.61,1.39,1.19
414,46.4055,-81.0716,TN,2,1.49,1.86,1.68,1.49,1.29,1.11,0.96
415,46.3745,-81.0941,TN,2,3.77,4.71,4.25,3.77,3.28,2.82,2.43
416,43.6741,-79.3795,TN,14,4.26,5.32,4.81,4.26,3.71,3.19,2.75
417,43.1224,-81.4727,TN,5,3.11,3.89,3.51,3.11,2.71,2.33,2.01
418,45.215,-75.7237,TN,22,2.47,3.09,2.79,2.47,2.15,1.85,1.6
419,42.7825,-81.2612,TN,5,2.55,3.19,2.88,2.55,2.22,1.91,1.65
420,44.2255,-76.5161,TN,0,2.93,3.66,3.3,2.93,2.55,2.19,1.89
421,46.548,-80.8049,TN,2,3.72,4.65,4.21,3.72,3.24,2.79,2.41
422,44.0809,-76.4946,LEO,N/A (LEO),3.19,3.99,3.6,3.19,2.78,2.39,2.06
423,44.051,-76.496,LEO,N/A (LEO),2.3,2.87,2.6,2.3,2.0,1.72,1.49
424,43.1437,-81.17,TN,5,3.46,4.32,3.9,3.46,3.01,2.59,2.23
425,44.4507,-76.5214,TN,0,4.57,5.71,5.16,4.57,3.98,3.43,2.95
426,43.6937,-79.4896,TN,14,4.77,5.96,5.39,4.77,4.15,3.58,3.08
427,45.1801,-75.751,TN,22,4.36,5.45,4.93,4.36,3.8,3.27,2.82
428,45.5413,-75.7966,TN,4,4.3,5.38,4.86,4.3,3.74,3.23,2.78
429,45.2777,-76.0143,TN,4,1.91,2.38,2.15,1.91,1.66,1.43,1.23
430,43.6548,-79.493,TN,14,1.6,2.0,1.81,1.6,1.39,1.2,1.03
431,43.282,-81.2295,TN,5,1.17,1.46,1.32,1.17,1.02,0.88,0.75
432,43.769,-79.1958,TN,3,4.21,5.26,4.75,4.21,3.66,3.16,2.72
433,43.1296,-79.6752,TN,8,2.19,2.73,2.47,2.19,1.9,1.64,1.41
434,43.1584,-79.6908,TN,8,2.65,3.31,2.99,2.65,2.31,1.99,1.71
435,44.4079,-76.3822,TN,0,2.06,2.58,2.33,2.06,1.79,1.55,1.33
436,46.4945,-81.1372,TN,2,4.6,5.74,5.19,4.6,4.0,3.45,2.97
437,43.6183,-79.3976,TN,14,4.84,6.05,5.47,4.84,4.21,3.63,3.13
438,46.4437,-80.907,TN,2,1.5,1.88,1.7,1.5,1.31,1.13,0.97
439,43.2586,-79.8297,TN,8,3.33,4.16,3.76,3.33,2.9,2.5,2.15
440,43.0145,-81.3862,TN,5,1.38,1.73,1.56,1.38,1.2,1.04,0.89
441,42.9252,-79.7239,TN,8,1.65,2.07,1.87,1.65,1.44,1.24,1.07
442,42.9074,-81.2997,TN,5,1.79,2.24,2.02,1.79,1.56,1.34,1.16
443,46.3081,-80.8397,TN,2,4.52,5.65,5.1,4.52,3.93,3.39,2.92
444,42.9549,-81.2076,TN,5,4.02,5.03,4.54,4.02,3.5,3.02,2.6
445,44.036,-76.4549,LEO,N/A (LEO),1.22,1.52,1.37,1.22,1.06,0.91,0.79
446,46.3657,-80.8736,TN,2,3.16,3.95,3.57,3.16,2.75,2.37,2.04
447,44.2158,-76.5029,TN,0,3.9,4.88,4.41,3.9,3.4,2.93,2.52
448,43.248,-79.7895,TN,8,1.6,2.0,1.81,1.6,1.4,1.2,1.04
449,43.0263,-80.9947,LEO,N/A (LEO),3.36,4.2,3.8,3.36,2.93,2.52,2.17
450,43.3348,-80.1341,TN,23,3.76,4.69,4.24,3.76,3.27,2.82,2.43
451,43.1735,-81.149,TN,5,1.64,2.05,1.85,1.64,1.43,1.23,1.06
452,45.619,-75.6529,TN,22,3.97,4.96,4.48,3.97,3.45,2.98,2.56
453,43.4432,-79.9334,TN,23,1.82,2.27,2.05,1.82,1.58,1.36,1.17
454,45.5339,-75.6024,TN,22,3.46,4.32,3.91,3.46,3.01,2.59,2.24
455,45.5995,-75.7815,TN,4,3.22,4.02,3.63,3.22,2.8,2.41,2.08
456,46.5246,-80.9745,TN,2,4.33,5.41,4.89,4.33,3.77,3.25,2.8
457,46.2725,-81.1759,TN,2,1.6,1.99,1.8,1.6,1.39,1.2,1.03
458,46.3674,-81.3241,TN,2,3.89,4.86,4.39,3.89,3.39,2.92,2.51
459,46.2352,-80.7914,TN,2,2.65,3.31,2.99,2.65,2.31,1.99,1.71
460,44.1676,-76.6671,TN,0,2.61,3.26,2.95,2.61,2.27,1.96,1.69
461,43.2488,-81.2378,TN,5,1.42,1.77,1.6,1.42,1.23,1.06,0.92
462,45.6992,-75.407,TN,22,3.41,4.27,3.86,3.41,2.97,2.56,2.21
463,45.6609,-75.4556,TN,22,1.09,1.36,1.23,1.09,0.95,0.82,0.71
464,43.1273,-79.8705,TN,8,1.23,1.54,1.39,1.23,1.07,0.93,0.8
465,44.313,-76.5641,TN,0,3.08,3.85,3.48,3.08,2.68,2.31,1.99
466,44.1652,-76.6229,TN,0,2.74,3.42,3.09,2.74,2.38,2.05,1.77
467,45.3326,-75.7157,TN,22,4.21,5.26,4.75,4.21,3.66,3.15,2.72
468,43.1139,-79.7115,TN,8,1.69,2.12,1.91,1.69,1.47,1.27,1.1
469,46.6732,-80.9227,TN,2,1.47,1.84,1.66,1.47,1.28,1.11,0.95
470,46.5356,-81.2165,TN,2,4.92,6.15,5.56,4.92,4.28,3.69,3.18
471,43.1708,-79.7543,TN,8,3.07,3.84,3.47,3.07,2.67,2.3,1.99
472,44.1683,-76.4107,TN,0,2.51,3.13,2.83,2.51,2.18,1.88,1.62
473,43.8229,-76.6099,LEO,N/A (LEO),4.75,5.94,5.36,4.75,4.13,3.56,3.07
474,42.9759,-80.9842,LEO,N/A (LEO),2.75,3.43,3.1,2.75,2.39,2.06,1.78
475,43.5804,-79.4319,TN,14,2.6,3.24,2.93,2.6,2.26,1.95,1.68
476,43.033,-81.2318,TN,5,1.28,1.59,1.44,1.28,1.11,0.96,0.82
477,42.8369,-81.393,TN,5,4.15,5.19,4.69,4.15,3.61,3.11,2.68
478,45.557,-75.8105,TN,4,2.8,3.5,3.16,2.8,2.44,2.1,1.81
479,44.1223,-76.5627,LEO,N/A (LEO),4.41,5.52,4.98,4.41,3.84,3.31,2.85
480,43.2652,-80.0397,TN,23,2.64,3.31,2.99,2.64,2.3,1.98,1.71
481,46.5271,-80.9969,TN,2,3.24,4.05,3.66,3.24,2.82,2.43,2.09
482,44.2136,-76.5806,TN,0,2.04,2.55,2.3,2.04,1.78,1.53,1.32
483,43.7113,-79.3807,TN,14,1.58,1.97,1.78,1.58,1.38,1.18,1.02
484,45.3364,-75.8496,TN,4,2.23,2.79,2.52,2.23,1.95,1.68,1.44
485,43.9877,-76.3153,LEO,N/A (LEO),1.46,1.82,1.64,1.46,1.27,1.09,0.94
486,45.3289,-75.4456,TN,22,1.36,1.69,1.53,1.36,1.18,1.02,0.88
487,46.6426,-80.6105,TN,2,1.46,1.82,1.65,1.46,1.27,1.09,0.94
488,45.5718,-76.0326,TN,4,4.17,5.21,4.71,4.17,3.63,3.13,2.69
489,43.5259,-79.3671,TN,3,2.83,3.54,3.2,2.83,2.47,2.12,1.83
490,43.4857,-79.4127,TN,14,3.66,4.57,4.13,3.66,3.18,2.74,2.36
491,43.5827,-79.0785,TN,3,2.65,3.31,2.99,2.65,2.3,1.99,1.71
492,44.1036,-76.3395,LEO,N/A (LEO),4.15,5.18,4.68,4.15,3.61,3.11,2.68
493,46.4626,-80.8038,TN,2,1.21,1.51,1.36,1.21,1.05,0.91,0.78
494,43.5531,-79.4999,TN,14,1.66,2.07,1.87,1.66,1.44,1.24,1.07
495,42.9984,-81.0063,LEO,N/A (LEO),1.82,2.27,2.05,1.82,1.58,1.36,1.18
496,44.0839,-76.4211,LEO,N/A (LEO),2.02,2.53,2.28,2.02,1.76,1.52,1.31
497,44.2776,-76.4948,TN,0,4.09,5.11,4.62,4.09,3.56,3.07,2.64
498,45.4108,-75.8004,TN,4,4.64,5.8,5.24,4.64,4.04,3.48,3.0
499,43.8397,-79.4495,TN,14,2.49,3.11,2.81,2.49,2.17,1.87,1.61
500,43.528,-79.4108,TN,14,2.76,3.46,3.12,2.76,2.41,2.07,1.79
501,43.267,-80.0857,TN,23,2.15,2.69,2.43,2.15,1.87,1.61,1.39
502,42.8583,-81.1099,LEO,N/A (LEO),2.25,2.81,2.54,2.25,1.96,1.69,1.45
503,43.7648,-79.4088,TN,14,3.13,3.92,3.54,3.13,2.73,2.35,2.02
504,45.723,-75.9646,TN,4,1.66,2.08,1.88,1.66,1.45,1.25,1.08
505,43.3683,-79.9108,TN,23,1.68,2.09,1.89,1.68,1.46,1.26,1.08
506,46.4398,-81.0705,TN,2,1.74,2.17,1.96,1.74,1.51,1.3,1.12
507,44.3473,-76.4048,TN,0,2.25,2.82,2.54,2.25,1.96,1.69,1.46
508,46.3796,-80.9794,TN,2,4.53,5.66,5.12,4.53,3.94,3.4,2.93
509,42.8511,-81.0786,LEO,N/A (LEO),4.95,6.19,5.59,4.95,4.31,3.72,3.2
510,44.0706,-76.4258,LEO,N/A (LEO),4.53,5.66,5.11,4.53,3.94,3.4,2.93
511,43.4281,-79.4816,TN,14,3.88,4.85,4.38,3.88,3.38,2.91,2.51
512,45.3414,-75.8786,TN,4,4.89,6.12,5.53,4.89,4.26,3.67,3.16
513,43.0206,-81.2044,TN,5,3.16,3.95,3.57,3.16,2.75,2.37,2.04
514,43.2915,-79.7602,TN,8,2.26,2.82,2.55,2.26,1.96,1.69,1.46
515,45.4401,-75.6731,TN,22,3.1,3.88,3.5,3.1,2.7,2.33,2.01
516,44.1402,-76.2438,LEO,N/A (LEO),4.62,5.78,5.22,4.62,4.02,3.47,2.99
517,43.4923,-79.9183,TN,23,3.6,4.51,4.07,3.6,3.14,2.7,2.33
518,46.6094,-80.9172,TN,2,4.37,5.47,4.94,4.37,3.81,3.28,2.83
519,43.1144,-79.8213,TN,8,3.7,4.63,4.18,3.7,3.23,2.78,2.39
520,45.2815,-75.6144,TN,22,3.62,4.53,4.09,3.62,3.15,2.72,2.34
521,43.5736,-79.2634,TN,3,3.57,4.46,4.03,3.57,3.11,2.68,2.31
522,42.9296,-81.1851,LEO,N/A (LEO),2.44,3.05,2.76,2.44,2.13,1.83,1.58
523,44.3071,-76.4631,TN,0,4.48,5.61,5.07,4.48,3.9,3.36,2.9
524,43.7452,-79.2135,TN,3,2.04,2.55,2.31,2.04,1.78,1.53,1.32
525,43.5931,-79.5508,TN,14,2.52,3.15,2.84,2.52,2.19,1.89,1.63
526,46.5111,-80.8449,TN,2,2.52,3.15,2.85,2.52,2.2,1.89,1.63
527,46.4753,-80.7982,TN,2,1.07,1.34,1.21,1.07,0.93,0.8,0.69
528,46.4567,-80.9467,TN,2,4.43,5.54,5.01,4.43,3.86,3.33,2.87
529,43.3765,-79.7957,TN,8,4.93,6.16,5.56,4.93,4.29,3.7,3.19
530,46.3497,-80.8471,TN,2,4.32,5.4,4.88,4.32,3.76,3.24,2.79
531,42.8635,-80.9363,LEO,N/A (LEO),1.87,2.34,2.12,1.87,1.63,1.41,1.21
532,44.0934,-76.4762,LEO,N/A (LEO),1.97,2.46,2.22,1.97,1.71,1.48,1.27
533,43.3672,-79.4244,TN,3,3.39,4.24,3.83,3.39,2.95,2.55,2.19
534,43.3618,-80.0029,TN,23,3.4,4.24,3.83,3.4,2.96,2.55,2.19
535,43.3925,-79.6134,TN,8,4.57,5.71,5.16,4.57,3.98,3.43,2.95
536,44.1543,-76.3707,LEO,N/A (LEO),2.72,3.4,3.07,2.72,2.37,2.04,1.76
537,43.1399,-79.8646,TN,8,4.33,5.41,4.89,4.33,3.77,3.24,2.8
538,43.5083,-79.8826,TN,23,3.1,3.88,3.5,3.1,2.7,2.33,2.0
539,43.7963,-79.3048,TN,14,4.52,5.64,5.1,4.52,3.93,3.39,2.92
540,43.4819,-79.3965,TN,3,2.36,2.95,2.67,2.36,2.06,1.77,1.53
541,43.2958,-81.417,TN,5,3.53,4.41,3.98,3.53,3.07,2.64,2.28
542,43.067,-81.0701,LEO,N/A (LEO),3.71,4.63,4.19,3.71,3.23,2.78,2.4
543,42.9431,-81.3765,TN,5,2.95,3.69,3.33,2.95,2.57,2.21,1.91
544,46.3556,-81.1496,TN,2,2.89,3.61,3.27,2.89,2.52,2.17,1.87
545,43.9936,-79.3639,TN,14,1.28,1.6,1.45,1.28,1.12,0.96,0.83
546,43.771,-79.3491,TN,14,1.96,2.44,2.21,1.96,1.7,1.47,1.26
547,45.2091,-75.7025,TN,22,3.44,4.3,3.89,3.44,3.0,2.58,2.23
548,44.6027,-76.5954,TN,0,3.15,3.94,3.56,3.15,2.74,2.36,2.04
549,43.8127,-79.4666,TN,14,3.29,4.11,3.71,3.29,2.86,2.47,2.13
550,46.4137,-81.0273,TN,2,2.11,2.64,2.38,2.11,1.84,1.58,1.36
551,44.3575,-76.5763,TN,0,3.13,3.91,3.53,3.13,2.72,2.34,2.02
552,43.4114,-79.8668,TN,23,2.97,3.72,3.36,2.97,2.59,2.23,1.92
553,43.2404,-79.9585,TN,23,4.72,5.9,5.33,4.72,4.11,3.54,3.05
554,44.0233,-76.7687,LEO,N/A (LEO),2.64,3.31,2.99,2.64,2.3,1.98,1.71
555,44.3458,-76.2603,TN,0,2.24,2.8,2.53,2.24,1.95,1.68,1.45
556,44.3332,-76.4271,TN,0,1.01,1.26,1.14,1.01,0.88,0.76,0.65
557,46.7318,-80.8755,TN,2,1.46,1.82,1.65,1.46,1.27,1.09,0.94
558,46.5782,-80.8472,TN,2,1.37,1.71,1.55,1.37,1.19,1.03,0.89
559,43.118,-81.2329,TN,5,2.62,3.27,2.96,2.62,2.28,1.96,1.69
560,43.3268,-79.8952,TN,23,3.67,4.59,4.15,3.67,3.2,2.76,2.38
561,43.7713,-79.3342,TN,14,3.39,4.24,3.83,3.39,2.96,2.55,2.19
562,46.5962,-80.975,TN,2,3.45,4.31,3.9,3.45,3.0,2.59,2.23
563,43.0477,-81.4112,TN,5,3.96,4.95,4.48,3.96,3.45,2.97,2.56
564,44.2388,-76.6017,TN,0,1.57,1.96,1.77,1.57,1.37,1.18,1.01
565,43.6975,-79.0949,TN,3,2.8,3.49,3.16,2.8,2.43,2.1,1.81
566,44.3497,-76.5194,TN,0,4.23,5.29,4.78,4.23,3.68,3.17,2.74
567,43.7783,-79.1869,TN,3,4.38,5.48,4.95,4.38,3.82,3.29,2.83
568,46.4456,-80.8475,TN,2,1.31,1.64,1.48,1.31,1.14,0.98,0.85
569,43.8001,-79.4806,TN,14,2.79,3.48,3.15,2.79,2.43,2.09,1.8
570,45.2807,-76.0134,TN,4,3.32,4.15,3.75,3.32,2.89,2.49,2.14
571,43.3771,-79.484,TN,8,3.33,4.16,3.76,3.33,2.9,2.5,2.15
572,45.3791,-75.7012,TN,22,2.57,3.21,2.9,2.57,2.24,1.93,1.66
573,45.382,-75.8722,TN,4,1.57,1.96,1.77,1.57,1.37,1.18,1.02
574,43.5053,-79.4445,TN,14,1.1,1.38,1.24,1.1,0.96,0.83,0.71
575,43.171,-81.3247,TN,5,3.38,4.23,3.82,3.38,2.95,2.54,2.19
576,43.7947,-79.1377,TN,3,2.46,3.07,2.78,2.46,2.14,1.84,1.59
577,43.2072,-80.9446,LEO,N/A (LEO),1.42,1.78,1.6,1.42,1.24,1.07,0.92
578,43.6431,-79.552,TN,14,1.11,1.39,1.25,1.11,0.97,0.83,0.72
579,43.0828,-79.8553,TN,8,1.4,1.75,1.58,1.4,1.22,1.05,0.9
580,46.4767,-81.0655,TN,2,1.64,2.05,1.85,1.64,1.43,1.23,1.06
581,45.2943,-75.7565,TN,22,2.95,3.69,3.33,2.95,2.57,2.21,1.91
582,45.406,-75.6557,TN,22,4.55,5.69,5.14,4.55,3.96,3.42,2.94
583,42.9821,-81.2266,TN,5,1.35,1.69,1.53,1.35,1.18,1.01,0.87
584,43.2339,-79.8028,TN,8,2.54,3.18,2.87,2.54,2.21,1.91,1.64
585,46.3109,-80.9886,TN,2,3.21,4.02,3.63,3.21,2.8,2.41,2.08
586,45.3426,-75.7915,TN,4,4.35,5.44,4.92,4.35,3.79,3.27,2.81
587,43.0905,-80.001,TN,23,1.78,2.22,2.01,1.78,1.55,1.33,1.15
588,43.955,-79.3672,TN,14,1.94,2.43,2.19,1.94,1.69,1.46,1.25
589,42.9531,-79.7578,TN,8,3.32,4.15,3.75,3.32,2.89,2.49,2.15
590,44.5411,-76.6279,TN,0,2.96,3.69,3.34,2.96,2.57,2.22,1.91
591,43.3565,-79.7417,TN,8,2.2,2.75,2.49,2.2,1.92,1.65,1.42
592,46.7841,-80.8409,TN,2,1.81,2.26,2.04,1.81,1.57,1.35,1.17
593,44.2427,-76.5027,TN,0,3.84,4.8,4.34,3.84,3.35,2.88,2.48
594,46.5281,-80.9398,TN,2,3.13,3.92,3.54,3.13,2.73,2.35,2.03
595,42.8782,-81.2386,TN,5,3.72,4.65,4.2,3.72,3.24,2.79,2.41
596,43.6313,-79.5559,TN,14,4.92,6.15,5.56,4.92,4.29,3.69,3.18
597,42.9722,-81.0038,LEO,N/A (LEO),2.21,2.76,2.5,2.21,1.92,1.66,1.43
598,42.8441,-81.3481,TN,5,4.05,5.06,4.57,4.05,3.52,3.04,2.62
599,42.9296,-79.3993,TN,8,3.31,4.14,3.74,3.31,2.88,2.48,2.14
600,43.234,-79.7267,TN,8,2.77,3.47,3.13,2.77,2.41,2.08,1.79
601,42.964,-81.0414,LEO,N/A (LEO),4.98,6.23,5.63,4.98,4.34,3.74,3.22
602,42.8265,-81.3692,TN,5,2.25,2.81,2.54,2.25,1.96,1.69,1.45
603,43.339,-80.3111,TN,23,3.51,4.38,3.96,3.51,3.05,2.63,2.27
604,45.7136,-75.7262,TN,4,3.89,4.86,4.39,3.89,3.39,2.92,2.52
605,46.826,-80.941,TN,2,3.58,4.47,4.04,3.58,3.11,2.68,2.31
606,42.886,-81.1206,LEO,N/A (LEO),1.84,2.3,2.08,1.84,1.6,1.38,1.19
607,43.6314,-79.4335,TN,14,3.53,4.41,3.99,3.53,3.07,2.65,2.28
608,44.3,-76.4171,TN,0,4.54,5.67,5.12,4.54,3.95,3.4,2.93
609,43.1349,-79.8382,TN,8,2.95,3.69,3.33,2.95,2.57,2.21,1.91
610,46.6343,-81.1791,TN,2,1.1,1.37,1.24,1.1,0.96,0.82,0.71
611,43.1311,-79.9162,TN,8,4.23,5.29,4.78,4.23,3.69,3.17,2.74
612,44.1226,-76.4396,LEO,N/A (LEO),4.37,5.46,4.93,4.37,3.8,3.28,2.82
613,42.9531,-81.2376,TN,5,1.29,1.61,1.46,1.29,1.12,0.97,0.83
614,44.0648,-76.3946,LEO,N/A (LEO),4.45,5.57,5.03,4.45,3.88,3.34,2.88
615,43.3744,-79.8991,TN,23,2.29,2.86,2.58,2.29,1.99,1.71,1.48
616,44.2558,-76.3096,TN,0,1.88,2.35,2.12,1.88,1.63,1.41,1.21
617,43.9821,-76.3095,LEO,N/A (LEO),3.59,4.49,4.06,3.59,3.13,2.69,2.32
618,46.5797,-81.1374,TN,2,4.47,5.58,5.05,4.47,3.89,3.35,2.89
619,45.6901,-75.5042,TN,22,1.29,1.61,1.45,1.29,1.12,0.97,0.83
620,45.5411,-75.836,TN,4,4.29,5.36,4.85,4.29,3.73,3.22,2.77
621,46.3389,-80.9848,TN,2,4.67,5.83,5.27,4.67,4.06,3.5,3.02
622,45.2515,-75.7386,TN,22,4.53,5.66,5.11,4.53,3.94,3.4,2.93
623,45.2754,-75.5496,TN,22,2.61,3.26,2.95,2.61,2.27,1.96,1.69
624,43.65,-79.3814,TN,14,1.19,1.48,1.34,1.19,1.03,0.89,0.77
625,46.4408,-80.9867,TN,2,4.36,5.45,4.92,4.36,3.79,3.27,2.82
626,43.722,-79.4061,TN,14,1.33,1.66,1.5,1.33,1.16,1.0,0.86
627,42.9391,-81.3666,TN,5,2.08,2.6,2.35,2.08,1.81,1.56,1.35
628,43.2811,-79.711,TN,8,4.63,5.79,5.23,4.63,4.03,3.47,2.99
629,43.3776,-79.8906,TN,23,2.51,3.14,2.83,2.51,2.18,1.88,1.62
630,42.8676,-81.1987,LEO,N/A (LEO),1.17,1.46,1.32,1.17,1.02,0.88,0.76
631,44.4653,-76.6892,TN,0,3.82,4.77,4.31,3.82,3.32,2.86,2.47
632,45.3578,-75.7813,TN,4,4.5,5.63,5.08,4.5,3.92,3.38,2.91
633,44.2433,-76.4604,TN,0,2.19,2.74,2.48,2.19,1.91,1.64,1.42
634,44.5662,-76.5515,TN,0,5.0,6.25,5.64,5.0,4.35,3.75,3.23
635,43.7112,-79.3987,TN,14,3.0,3.75,3.39,3.0,2.61,2.25,1.94
636,43.5006,-79.3892,TN,3,3.54,4.42,4.0,3.54,3.08,2.65,2.29
637,43.1738,-79.8922,TN,8,4.07,5.09,4.6,4.07,3.54,3.05,2.63
638,45.0953,-75.4892,TN,22,3.88,4.85,4.38,3.88,3.38,2.91,2.51
639,43.5944,-79.0644,TN,3,4.52,5.65,5.11,4.52,3.94,3.39,2.92
640,43.7472,-79.2666,TN,3,1.14,1.43,1.29,1.14,1.0,0.86,0.74
641,43.7065,-79.5153,TN,14,3.95,4.94,4.47,3.95,3.44,2.97,2.56
642,42.9285,-80.9553,LEO,N/A (LEO),3.32,4.15,3.75,3.32,2.89,2.49,2.14
643,44.0982,-76.7019,TN,0,1.23,1.54,1.39,1.23,1.07,0.92,0.8
644,46.5245,-80.788,TN,2,1.4,1.75,1.58,1.4,1.22,1.05,0.9
645,45.3857,-75.8392,TN,4,2.97,3.71,3.36,2.97,2.59,2.23,1.92
646,46.8519,-80.8923,TN,2,1.04,1.3,1.17,1.04,0.91,0.78,0.67
647,43.4618,-79.9526,TN,23,2.82,3.52,3.18,2.82,2.45,2.11,1.82
648,43.7158,-79.3771,TN,14,1.5,1.88,1.7,1.5,1.31,1.13,0.97
649,44.2012,-76.5937,TN,0,2.47,3.09,2.79,2.47,2.15,1.85,1.6
650,44.3771,-76.6013,TN,0,3.07,3.84,3.47,3.07,2.67,2.3,1.99
651,43.1234,-80.9621,LEO,N/A (LEO),3.27,4.09,3.7,3.27,2.85,2.45,2.12
652,44.2547,-76.4824,TN,0,4.39,5.49,4.96,4.39,3.82,3.29,2.84
653,43.8393,-79.353,TN,14,3.42,4.28,3.87,3.42,2.98,2.57,2.21
654,43.9899,-76.6143,LEO,N/A (LEO),1.26,1.58,1.43,1.26,1.1,0.95,0.82
655,43.6725,-79.2846,TN,3,2.89,3.62,3.27,2.89,2.52,2.17,1.87
656,42.8757,-81.2562,TN,5,4.83,6.04,5.46,4.83,4.21,3.62,3.12
657,43.6782,-79.6191,TN,14,3.6,4.5,4.07,3.6,3.14,2.7,2.33
658,43.061,-79.9625,TN,23,1.78,2.23,2.01,1.78,1.55,1.34,1.15
659,45.2494,-75.8309,TN,4,4.93,6.16,5.56,4.93,4.29,3.69,3.18
660,43.2171,-81.4023,TN,5,2.04,2.55,2.3,2.04,1.78,1.53,1.32
661,43.6273,-79.3175,TN,3,3.9,4.87,4.4,3.9,3.4,2.92,2.52
662,43.6995,-79.287,TN,3,1.25,1.56,1.41,1.25,1.09,0.94,0.81
663,43.6493,-79.264,TN,3,1.92,2.4,2.17,1.92,1.67,1.44,1.24
664,46.2366,-81.1179,TN,2,4.04,5.06,4.57,4.04,3.52,3.03,2.61
665,44.3282,-76.4623,TN,0,4.04,5.05,4.57,4.04,3.52,3.03,2.61
666,46.1582,-80.78,TN,2,1.18,1.47,1.33,1.18,1.02,0.88,0.76
667,46.4814,-80.8415,TN,2,4.59,5.74,5.18,4.59,4.0,3.44,2.97
668,43.0472,-81.1943,TN,5,1.97,2.46,2.22,1.97,1.71,1.48,1.27
669,46.5329,-81.1328,TN,2,2.99,3.74,3.38,2.99,2.61,2.24,1.93
670,43.2572,-79.8202,TN,8,2.04,2.55,2.3,2.04,1.77,1.53,1.32
671,43.5266,-79.1825,TN,3,3.79,4.74,4.28,3.79,3.3,2.84,2.45
672,43.3139,-79.8671,TN,23,4.03,5.04,4.55,4.03,3.51,3.02,2.6
673,44.2911,-76.4107,TN,0,2.24,2.8,2.53,2.24,1.95,1.68,1.45
674,46.6989,-80.8337,TN,2,1.65,2.06,1.86,1.65,1.44,1.24,1.07
675,45.419,-75.4557,TN,22,1.05,1.31,1.18,1.05,0.91,0.79,0.68
676,45.3376,-75.4995,TN,22,3.21,4.01,3.62,3.21,2.79,2.41,2.07
677,43.259,-80.0685,TN,23,4.23,5.29,4.78,4.23,3.69,3.17,2.74
678,46.4245,-81.0199,TN,2,2.92,3.65,3.3,2.92,2.55,2.19,1.89
679,44.2289,-76.3977,TN,0,3.05,3.81,3.45,3.05,2.66,2.29,1.97
680,43.5403,-79.3437,TN,3,1.13,1.41,1.28,1.13,0.98,0.85,0.73
681,43.2651,-79.7818,TN,8,2.43,3.04,2.74,2.43,2.11,1.82,1.57
682,45.144,-75.4485,TN,22,4.39,5.49,4.96,4.39,3.82,3.29,2.84
683,43.6521,-79.5231,TN,14,1.88,2.35,2.13,1.88,1.64,1.41,1.22
684,43.7162,-79.5097,TN,14,1.9,2.37,2.15,1.9,1.65,1.42,1.23
685,42.749,-80.9525,LEO,N/A (LEO),3.32,4.15,3.75,3.32,2.89,2.49,2.15
686,43.3889,-79.941,TN,23,1.58,1.97,1.78,1.58,1.37,1.18,1.02
687,45.3916,-75.5518,TN,22,4.12,5.15,4.65,4.12,3.59,3.09,2.66
688,45.4369,-75.5425,TN,22,1.82,2.27,2.05,1.82,1.58,1.36,1.18
689,43.7619,-79.6238,TN,14,1.13,1.41,1.28,1.13,0.98,0.85,0.73
690,46.4917,-80.9036,TN,2,2.64,3.3,2.98,2.64,2.3,1.98,1.71
691,43.1782,-79.7263,TN,8,3.77,4.72,4.26,3.77,3.29,2.83,2.44
692,45.4295,-75.4934,TN,22,2.85,3.57,3.22,2.85,2.48,2.14,1.84
693,44.1441,-76.74,TN,0,1.15,1.44,1.3,1.15,1.0,0.86,0.74
694,46.7404,-80.6448,TN,2,3.36,4.2,3.8,3.36,2.93,2.52,2.17
695,42.8786,-81.2449,TN,5,4.89,6.12,5.53,4.89,4.26,3.67,3.16
696,46.4858,-81.043,TN,2,4.53,5.66,5.12,4.53,3.94,3.4,2.93
697,46.5919,-81.1823,TN,2,3.97,4.96,4.48,3.97,3.45,2.98,2.56
698,44.3187,-76.2805,TN,0,4.58,5.73,5.18,4.58,3.99,3.44,2.96
699,44.3595,-76.4031,TN,0,1.73,2.16,1.95,1.73,1.5,1.29,1.12
700,43.7983,-75.6864,LEO,N/A (LEO),4.23,5.28,4.77,4.23,3.68,3.17,2.73
701,45.947,-76.7203,LEO,N/A (LEO),2.57,3.22,2.91,2.57,2.24,1.93,1.66
702,44.5672,-77.3729,LEO,N/A (LEO),1.31,1.64,1.48,1.31,1.14,0.99,0.85
703,44.4057,-77.0348,LEO,N/A (LEO),1.67,2.09,1.89,1.67,1.45,1.25,1.08
704,45.2322,-77.9136,LEO,N/A (LEO),4.81,6.01,5.43,4.81,4.19,3.61,3.11
705,42.6485,-80.1427,TN,8,3.41,4.26,3.85,3.41,2.97,2.55,2.2
706,43.538,-76.999,LEO,N/A (LEO),4.04,5.05,4.56,4.04,3.51,3.03,2.61
707,42.8588,-78.403,LEO,N/A (LEO),3.04,3.79,3.43,3.04,2.64,2.28,1.96
708,43.7925,-75.4695,LEO,N/A (LEO),4.31,5.39,4.87,4.31,3.75,3.23,2.79
709,44.9402,-76.9997,LEO,N/A (LEO),2.85,3.56,3.22,2.85,2.48,2.14,1.84
710,45.7235,-77.1378,LEO,N/A (LEO),3.92,4.89,4.42,3.92,3.41,2.94,2.53
711,45.5159,-80.0815,LEO,N/A (LEO),4.23,5.29,4.78,4.23,3.68,3.17,2.73
712,43.1833,-79.5826,TN,8,2.34,2.93,2.65,2.34,2.04,1.76,1.51
713,45.9248,-76.0042,TN,4,3.8,4.76,4.3,3.8,3.31,2.85,2.46
714,45.0447,-78.0655,LEO,N/A (LEO),4.79,5.99,5.41,4.79,4.17,3.59,3.1
715,44.2369,-79.3364,TN,14,1.65,2.07,1.87,1.65,1.44,1.24,1.07
716,45.2517,-76.8589,LEO,N/A (LEO),2.54,3.17,2.87,2.54,2.21,1.9,1.64
717,42.5882,-76.127,LEO,N/A (LEO),1.05,1.31,1.18,1.05,0.91,0.78,0.68
718,44.9629,-75.2082,LEO,N/A (LEO),2.75,3.44,3.11,2.75,2.39,2.06,1.78
719,43.3224,-77.0659,LEO,N/A (LEO),4.27,5.34,4.82,4.27,3.72,3.2,2.76
720,44.4125,-75.2308,LEO,N/A (LEO),1.21,1.51,1.36,1.21,1.05,0.91,0.78
721,44.2668,-76.9708,TN,0,4.45,5.56,5.03,4.45,3.87,3.34,2.88
722,43.1274,-76.4,LEO,N/A (LEO),3.21,4.01,3.63,3.21,2.8,2.41,2.08
723,43.8879,-81.078,LEO,N/A (LEO),4.46,5.58,5.04,4.46,3.88,3.35,2.88
724,43.0505,-79.8315,TN,8,2.16,2.7,2.44,2.16,1.88,1.62,1.4
725,45.5499,-77.2911,LEO,N/A (LEO),4.19,5.23,4.73,4.19,3.64,3.14,2.71
726,43.3766,-77.6259,LEO,N/A (LEO),3.29,4.11,3.71,3.29,2.86,2.47,2.12
727,45.4149,-75.6574,TN,22,1.05,1.31,1.18,1.05,0.91,0.79,0.68
728,44.8591,-81.6371,LEO,N/A (LEO),3.2,3.99,3.61,3.2,2.78,2.4,2.07
729,43.5067,-79.8526,TN,23,2.41,3.01,2.72,2.41,2.1,1.81,1.56
730,44.6745,-79.6617,LEO,N/A (LEO),3.93,4.91,4.44,3.93,3.42,2.95,2.54
731,43.9158,-81.5215,LEO,N/A (LEO),4.14,5.17,4.67,4.14,3.6,3.1,2.67
732,43.5002,-78.9706,TN,3,3.74,4.68,4.23,3.74,3.26,2.81,2.42
733,43.6636,-81.6039,LEO,N/A (LEO),2.5,3.12,2.82,2.5,2.17,1.87,1.61
734,45.8056,-77.5079,LEO,N/A (LEO),3.69,4.61,4.16,3.69,3.21,2.76,2.38
735,44.713,-80.6071,LEO,N/A (LEO),2.67,3.34,3.02,2.67,2.33,2.01,1.73
736,45.1283,-81.2904,LEO,N/A (LEO),2.11,2.64,2.38,2.11,1.84,1.58,1.36
737,43.4671,-78.9759,TN,3,4.92,6.15,5.56,4.92,4.28,3.69,3.18
738,42.7363,-78.3691,LEO,N/A (LEO),1.72,2.15,1.94,1.72,1.5,1.29,1.11
739,45.8974,-81.2069,TN,2,2.61,3.27,2.95,2.61,2.28,1.96,1.69
740,45.0826,-77.0681,LEO,N/A (LEO),2.69,3.36,3.04,2.69,2.34,2.02,1.74
741,43.7128,-79.2167,TN,3,2.06,2.57,2.32,2.06,1.79,1.54,1.33
742,43.2187,-78.6187,LEO,N/A (LEO),2.07,2.59,2.34,2.07,1.81,1.56,1.34
743,43.5061,-77.4027,LEO,N/A (LEO),4.87,6.09,5.5,4.87,4.24,3.66,3.15
744,44.6127,-81.4611,LEO,N/A (LEO),1.3,1.63,1.47,1.3,1.13,0.98,0.84
745,45.83,-79.919,LEO,N/A (LEO),1.37,1.71,1.55,1.37,1.19,1.03,0.88
746,44.5967,-77.6345,LEO,N/A (LEO),3.59,4.49,4.06,3.59,3.13,2.7,2.32
747,43.4359,-81.8942,TN,5,4.86,6.08,5.49,4.86,4.23,3.65,3.14
748,43.3781,-77.2678,LEO,N/A (LEO),3.83,4.78,4.32,3.83,3.33,2.87,2.47
749,44.635,-79.8096,LEO,N/A (LEO),2.08,2.61,2.35,2.08,1.81,1.56,1.35
750,44.5918,-75.9373,LEO,N/A (LEO),4.79,5.98,5.41,4.79,4.17,3.59,3.09
751,42.8707,-80.9162,LEO,N/A (LEO),4.78,5.97,5.4,4.78,4.16,3.58,3.09
752,45.0779,-75.819,TN,4,1.81,2.26,2.04,1.81,1.58,1.36,1.17
753,44.5566,-77.092,LEO,N/A (LEO),3.72,4.65,4.2,3.72,3.24,2.79,2.41
754,43.9285,-81.8922,LEO,N/A (LEO),3.33,4.16,3.76,3.33,2.9,2.5,2.15
755,43.3859,-78.8482,TN,3,4.83,6.04,5.46,4.83,4.21,3.62,3.12
756,43.8966,-76.1214,LEO,N/A (LEO),1.75,2.19,1.98,1.75,1.53,1.32,1.13
757,44.8536,-75.161,LEO,N/A (LEO),1.41,1.76,1.59,1.41,1.23,1.06,0.91
758,42.5291,-78.9649,LEO,N/A (LEO),1.37,1.71,1.55,1.37,1.19,1.03,0.89
759,45.1193,-75.5982,TN,22,2.74,3.42,3.09,2.74,2.38,2.05,1.77
760,43.4055,-78.9592,TN,3,3.89,4.87,4.4,3.89,3.39,2.92,2.52
761,42.5317,-77.8738,LEO,N/A (LEO),3.45,4.32,3.9,3.45,3.01,2.59,2.23
762,44.7319,-80.3058,LEO,N/A (LEO),3.86,4.82,4.36,3.86,3.36,2.89,2.49
763,42.8199,-80.6051,LEO,N/A (LEO),4.51,5.64,5.09,4.51,3.93,3.38,2.92
764,45.0855,-81.9038,LEO,N/A (LEO),1.99,2.49,2.25,1.99,1.74,1.5,1.29
765,43.2504,-80.1044,TN,23,1.99,2.49,2.25,1.99,1.73,1.49,1.29
766,42.7188,-78.7874,LEO,N/A (LEO),3.93,4.91,4.44,3.93,3.42,2.95,2.54
767,44.6236,-77.2899,LEO,N/A (LEO),1.32,1.66,1.5,1.32,1.15,0.99,0.86
768,45.8302,-76.1306,TN,4,4.22,5.28,4.77,4.22,3.67,3.17,2.73
769,45.3804,-75.471,TN,22,3.18,3.97,3.59,3.18,2.77,2.38,2.05
770,43.201,-77.6825,LEO,N/A (LEO),3.97,4.96,4.49,3.97,3.46,2.98,2.57
771,45.0827,-78.3499,LEO,N/A (LEO),1.27,1.59,1.44,1.27,1.11,0.96,0.82
772,43.7989,-75.5546,LEO,N/A (LEO),3.34,4.17,3.77,3.34,2.91,2.5,2.16
773,44.3842,-80.118,LEO,N/A (LEO),2.47,3.09,2.79,2.47,2.15,1.86,1.6
774,45.6337,-77.3348,LEO,N/A (LEO),4.15,5.19,4.69,4.15,3.61,3.11,2.68
775,44.0902,-77.5883,LEO,N/A (LEO),1.99,2.49,2.25,1.99,1.74,1.5,1.29
776,44.9691,-79.0068,LEO,N/A (LEO),2.77,3.46,3.13,2.77,2.41,2.08,1.79
777,44.7726,-75.446,LEO,N/A (LEO),1.26,1.57,1.42,1.26,1.09,0.94,0.81
778,45.3866,-79.9533,LEO,N/A (LEO),2.78,3.47,3.13,2.78,2.42,2.08,1.79
779,42.5767,-79.8927,TN,8,3.01,3.76,3.4,3.01,2.62,2.26,1.95
780,42.6966,-78.5623,LEO,N/A (LEO),4.71,5.89,5.32,4.71,4.1,3.53,3.04
781,42.8689,-76.6489,LEO,N/A (LEO),2.64,3.3,2.98,2.64,2.3,1.98,1.71
782,44.7931,-80.1783,LEO,N/A (LEO),1.64,2.05,1.85,1.64,1.43,1.23,1.06
783,43.0616,-81.5066,TN,5,1.74,2.18,1.97,1.74,1.52,1.31,1.13
784,44.8248,-75.8282,LEO,N/A (LEO),4.26,5.32,4.81,4.26,3.71,3.19,2.75
785,44.898,-81.227,LEO,N/A (LEO),2.16,2.7,2.44,2.16,1.88,1.62,1.39
786,43.5843,-80.2503,TN,23,3.06,3.83,3.46,3.06,2.66,2.3,1.98
787,44.3744,-79.5018,LEO,N/A (LEO),2.42,3.02,2.73,2.42,2.1,1.81,1.56
788,45.3999,-76.475,LEO,N/A (LEO),2.23,2.79,2.52,2.23,1.94,1.67,1.44
789,45.6983,-75.3303,TN,22,2.31,2.88,2.61,2.31,2.01,1.73,1.49
790,43.7405,-78.4606,LEO,N/A (LEO),4.76,5.96,5.38,4.76,4.15,3.57,3.08
791,45.5671,-81.282,LEO,N/A (LEO),2.57,3.21,2.9,2.57,2.24,1.93,1.66
792,44.4368,-78.4781,LEO,N/A (LEO),1.78,2.22,2.01,1.78,1.55,1.33,1.15
793,45.5059,-77.2614,LEO,N/A (LEO),4.35,5.44,4.91,4.35,3.79,3.26,2.81
794,45.5057,-76.7615,LEO,N/A (LEO),2.76,3.45,3.11,2.76,2.4,2.07,1.78
795,44.6369,-80.8774,LEO,N/A (LEO),3.69,4.62,4.17,3.69,3.22,2.77,2.39
796,43.1274,-77.1424,LEO,N/A (LEO),1.92,2.4,2.17,1.92,1.67,1.44,1.24
797,42.9114,-80.843,LEO,N/A (LEO),1.01,1.26,1.14,1.01,0.88,0.76,0.65
798,45.0156,-76.8732,LEO,N/A (LEO),3.06,3.82,3.46,3.06,2.66,2.29,1.98
799,43.0648,-81.4151,TN,5,1.08,1.35,1.22,1.08,0.94,0.81,0.7
800,43.0801,-75.764,LEO,N/A (LEO),1.97,2.46,2.22,1.97,1.71,1.47,1.27
801,43.7399,-81.2626,LEO,N/A (LEO),1.89,2.36,2.13,1.89,1.64,1.42,1.22
802,44.3173,-77.7457,LEO,N/A (LEO),1.98,2.48,2.24,1.98,1.72,1.49,1.28
803,42.7021,-79.2628,LEO,N/A (LEO),1.94,2.42,2.19,1.94,1.69,1.45,1.25
804,43.2684,-75.281,LEO,N/A (LEO),3.47,4.33,3.91,3.47,3.02,2.6,2.24
805,44.4491,-79.0896,TN,14,2.72,3.39,3.07,2.72,2.36,2.04,1.76
806,44.3932,-77.125,LEO,N/A (LEO),3.81,4.76,4.3,3.81,3.32,2.86,2.46
807,43.1009,-78.4992,LEO,N/A (LEO),2.65,3.31,2.99,2.65,2.31,1.99,1.71
808,45.5468,-77.5801,LEO,N/A (LEO),3.13,3.91,3.54,3.13,2.72,2.35,2.02
809,42.9039,-77.7605,LEO,N/A (LEO),1.47,1.84,1.66,1.47,1.28,1.1,0.95
810,43.6802,-81.0001,LEO,N/A (LEO),3.77,4.71,4.26,3.77,3.28,2.83,2.44
811,43.2219,-79.257,TN,3,4.58,5.73,5.18,4.58,3.99,3.44,2.96
812,43.2151,-78.4454,LEO,N/A (LEO),2.68,3.35,3.02,2.68,2.33,2.01,1.73
813,42.5634,-76.4507,LEO,N/A (LEO),1.28,1.6,1.44,1.28,1.11,0.96,0.82
814,44.1599,-78.0753,LEO,N/A (LEO),3.51,4.39,3.97,3.51,3.06,2.64,2.27
815,44.9102,-80.2271,LEO,N/A (LEO),1.04,1.3,1.17,1.04,0.91,0.78,0.67
816,45.0321,-78.2504,LEO,N/A (LEO),4.34,5.43,4.91,4.34,3.78,3.26,2.81
817,45.3749,-76.0967,TN,4,2.94,3.68,3.32,2.94,2.56,2.21,1.9
818,43.6677,-76.4591,LEO,N/A (LEO),2.81,3.51,3.17,2.81,2.44,2.1,1.81
819,43.142,-76.0152,LEO,N/A (LEO),4.53,5.66,5.12,4.53,3.94,3.4,2.93
820,44.1321,-81.4701,LEO,N/A (LEO),2.55,3.19,2.88,2.55,2.22,1.91,1.65
821,45.3124,-75.6876,TN,22,1.81,2.27,2.05,1.81,1.58,1.36,1.17
822,42.7344,-75.8585,LEO,N/A (LEO),2.56,3.2,2.89,2.56,2.23,1.92,1.65
823,44.3962,-75.2235,LEO,N/A (LEO),1.27,1.58,1.43,1.27,1.1,0.95,0.82
824,44.7691,-81.4813,LEO,N/A (LEO),2.5,3.13,2.83,2.5,2.18,1.88,1.62
825,45.3134,-78.9657,LEO,N/A (LEO),4.99,6.24,5.63,4.99,4.34,3.74,3.22
826,44.4567,-79.7519,LEO,N/A (LEO),1.88,2.35,2.12,1.88,1.64,1.41,1.22
827,43.7268,-79.3923,TN,14,1.27,1.59,1.44,1.27,1.11,0.96,0.82
828,43.7935,-78.7503,TN,3,3.89,4.86,4.39,3.89,3.39,2.92,2.52
829,44.7986,-77.0386,LEO,N/A (LEO),1.03,1.29,1.17,1.03,0.9,0.78,0.67
830,43.2618,-77.3682,LEO,N/A (LEO),2.94,3.67,3.32,2.94,2.56,2.2,1.9
831,42.5186,-76.3685,LEO,N/A (LEO),4.09,5.11,4.62,4.09,3.56,3.07,2.64
832,44.4195,-81.5348,LEO,N/A (LEO),4.07,5.08,4.59,4.07,3.54,3.05,2.63
833,44.543,-76.5263,TN,0,4.01,5.01,4.53,4.01,3.49,3.01,2.59
834,45.3105,-78.3739,LEO,N/A (LEO),1.56,1.95,1.76,1.56,1.36,1.17,1.01
835,44.8491,-77.6567,LEO,N/A (LEO),3.97,4.96,4.48,3.97,3.46,2.98,2.57
836,43.0946,-80.6352,LEO,N/A (LEO),4.56,5.7,5.15,4.56,3.97,3.42,2.95
837,45.1249,-75.6424,TN,22,4.03,5.04,4.56,4.03,3.51,3.03,2.61
838,44.59,-77.4211,LEO,N/A (LEO),4.56,5.7,5.15,4.56,3.97,3.42,2.95
839,44.5258,-77.5733,LEO,N/A (LEO),1.63,2.03,1.84,1.63,1.42,1.22,1.05
840,44.1587,-76.9852,TN,0,2.08,2.6,2.35,2.08,1.81,1.56,1.35
841,43.2079,-79.8032,TN,8,1.97,2.46,2.22,1.97,1.71,1.47,1.27
842,43.2522,-79.026,TN,3,4.63,5.79,5.23,4.63,4.03,3.47,2.99
843,44.2747,-80.6846,LEO,N/A (LEO),1.31,1.63,1.48,1.31,1.14,0.98,0.85
844,44.9365,-79.3204,LEO,N/A (LEO),4.29,5.36,4.84,4.29,3.73,3.22,2.77
845,44.8083,-76.4263,TN,0,2.09,2.61,2.36,2.09,1.82,1.57,1.35
846,44.9233,-80.1516,LEO,N/A (LEO),4.76,5.95,5.37,4.76,4.14,3.57,3.07
847,44.7273,-79.7284,LEO,N/A (LEO),2.08,2.6,2.35,2.08,1.81,1.56,1.34
848,43.1682,-77.1375,LEO,N/A (LEO),1.87,2.34,2.12,1.87,1.63,1.41,1.21
849,44.5836,-80.1476,LEO,N/A (LEO),3.65,4.56,4.12,3.65,3.18,2.74,2.36
850,45.3523,-76.5538,LEO,N/A (LEO),4.04,5.05,4.57,4.04,3.52,3.03,2.61
851,43.157,-81.3813,TN,5,3.8,4.74,4.29,3.8,3.3,2.85,2.45
852,43.7892,-78.9736,TN,3,1.12,1.41,1.27,1.12,0.98,0.84,0.73
853,43.4085,-81.7643,TN,5,4.52,5.65,5.1,4.52,3.93,3.39,2.92
854,43.3519,-78.0986,LEO,N/A (LEO),1.16,1.44,1.31,1.16,1.01,0.87,0.75
855,44.834,-79.7388,LEO,N/A (LEO),4.59,5.74,5.19,4.59,4.0,3.44,2.97
856,45.6084,-79.723,LEO,N/A (LEO),4.6,5.75,5.2,4.6,4.01,3.45,2.98
857,45.9866,-76.2221,TN,4,4.38,5.47,4.95,4.38,3.81,3.28,2.83
858,43.3715,-77.9631,LEO,N/A (LEO),1.27,1.59,1.43,1.27,1.1,0.95,0.82
859,42.8322,-75.0078,LEO,N/A (LEO),2.31,2.88,2.61,2.31,2.01,1.73,1.49
860,45.1186,-76.3533,TN,4,4.43,5.54,5.01,4.43,3.86,3.32,2.87
861,45.9917,-80.3095,LEO,N/A (LEO),1.16,1.45,1.31,1.16,1.01,0.87,0.75
862,43.9392,-81.0894,LEO,N/A (LEO),1.09,1.36,1.23,1.09,0.95,0.82,0.7
863,43.7615,-76.5138,LEO,N/A (LEO),3.26,4.08,3.69,3.26,2.84,2.45,2.11
864,43.5947,-77.4196,LEO,N/A (LEO),1.93,2.41,2.18,1.93,1.68,1.45,1.25
865,42.5503,-76.6495,LEO,N/A (LEO),3.49,4.37,3.95,3.49,3.04,2.62,2.26
866,45.1681,-81.7274,LEO,N/A (LEO),4.35,5.44,4.91,4.35,3.79,3.26,2.81
867,44.6683,-78.0562,LEO,N/A (LEO),3.5,4.37,3.95,3.5,3.05,2.62,2.26
868,45.5255,-77.8914,LEO,N/A (LEO),3.32,4.15,3.75,3.32,2.89,2.49,2.15
869,45.9674,-76.7029,LEO,N/A (LEO),2.77,3.46,3.13,2.77,2.41,2.08,1.79
870,44.9759,-79.2754,LEO,N/A (LEO),1.92,2.39,2.16,1.92,1.67,1.44,1.24
871,44.589,-75.5027,LEO,N/A (LEO),4.72,5.9,5.33,4.72,4.11,3.54,3.05
872,43.6967,-78.3063,LEO,N/A (LEO),1.85,2.31,2.09,1.85,1.61,1.38,1.19
873,45.9847,-75.1322,TN,22,3.6,4.5,4.06,3.6,3.13,2.7,2.33
874,45.3154,-76.9943,LEO,N/A (LEO),3.37,4.22,3.81,3.37,2.94,2.53,2.18
875,42.6867,-78.8166,LEO,N/A (LEO),3.7,4.62,4.18,3.7,3.22,2.77,2.39
876,44.8714,-79.3881,LEO,N/A (LEO),4.77,5.96,5.38,4.77,4.15,3.58,3.08
877,43.0857,-78.4975,LEO,N/A (LEO),3.76,4.7,4.25,3.76,3.28,2.82,2.43
878,44.94,-77.4595,LEO,N/A (LEO),2.1,2.63,2.37,2.1,1.83,1.58,1.36
879,43.0467,-77.5484,LEO,N/A (LEO),3.4,4.25,3.84,3.4,2.96,2.55,2.2
880,43.1277,-77.064,LEO,N/A (LEO),2.82,3.53,3.19,2.82,2.46,2.12,1.82
881,44.8372,-76.1384,TN,0,1.68,2.1,1.9,1.68,1.46,1.26,1.09
882,42.567,-76.5463,LEO,N/A (LEO),3.44,4.3,3.88,3.44,2.99,2.58,2.22
883,44.9487,-76.1329,TN,4,4.21,5.26,4.76,4.21,3.67,3.16,2.72
884,45.8632,-78.2485,LEO,N/A (LEO),2.95,3.69,3.34,2.95,2.57,2.22,1.91
885,43.9066,-80.9242,LEO,N/A (LEO),3.29,4.11,3.72,3.29,2.86,2.47,2.13
886,43.4695,-75.5508,LEO,N/A (LEO),3.33,4.17,3.76,3.33,2.9,2.5,2.15
887,44.5749,-79.5155,LEO,N/A (LEO),1.21,1.51,1.36,1.21,1.05,0.91,0.78
888,42.6111,-79.0367,LEO,N/A (LEO),1.34,1.67,1.51,1.34,1.17,1.0,0.87
889,44.624,-75.8332,LEO,N/A (LEO),4.53,5.66,5.12,4.53,3.95,3.4,2.93
890,44.8067,-80.5214,LEO,N/A (LEO),4.45,5.56,5.03,4.45,3.88,3.34,2.88
891,45.6013,-80.6234,LEO,N/A (LEO),3.95,4.94,4.46,3.95,3.44,2.96,2.55
892,43.5028,-76.3815,LEO,N/A (LEO),4.99,6.24,5.63,4.99,4.34,3.74,3.23
893,42.6051,-75.7184,LEO,N/A (LEO),3.49,4.36,3.94,3.49,3.04,2.62,2.26
894,45.9068,-78.7449,LEO,N/A (LEO),4.39,5.49,4.96,4.39,3.82,3.29,2.84
895,42.7184,-79.653,TN,8,1.27,1.59,1.43,1.27,1.1,0.95,0.82
896,45.9137,-76.2812,TN,4,4.41,5.51,4.98,4.41,3.84,3.31,2.85
897,45.7829,-81.4043,LEO,N/A (LEO),2.54,3.18,2.87,2.54,2.21,1.91,1.64
898,42.7486,-80.5244,LEO,N/A (LEO),1.92,2.4,2.17,1.92,1.67,1.44,1.24
899,44.1419,-80.1201,LEO,N/A (LEO),1.4,1.75,1.59,1.4,1.22,1.05,0.91
900,43.0862,-80.9691,LEO,N/A (LEO),4.89,6.12,5.53,4.89,4.26,3.67,3.16
901,45.1575,-75.2257,TN,22,2.76,3.45,3.12,2.76,2.4,2.07,1.78
902,43.4743,-76.4119,LEO,N/A (LEO),2.31,2.88,2.6,2.31,2.01,1.73,1.49
903,43.5478,-80.3725,TN,23,1.52,1.9,1.72,1.52,1.32,1.14,0.98
904,43.3976,-79.5128,TN,8,3.7,4.62,4.17,3.7,3.22,2.77,2.39
905,42.719,-80.5265,LEO,N/A (LEO),4.24,5.3,4.78,4.24,3.69,3.18,2.74
906,43.0142,-79.6015,TN,8,4.46,5.57,5.04,4.46,3.88,3.34,2.88
907,43.0422,-81.4208,TN,5,2.94,3.67,3.32,2.94,2.56,2.2,1.9
908,43.5585,-78.0561,LEO,N/A (LEO),4.22,5.27,4.76,4.22,3.67,3.16,2.72
909,42.98,-77.9351,LEO,N/A (LEO),3.02,3.78,3.41,3.02,2.63,2.27,1.95
910,43.0043,-77.632,LEO,N/A (LEO),2.09,2.62,2.37,2.09,1.82,1.57,1.35
911,44.2074,-81.4241,LEO,N/A (LEO),2.84,3.55,3.21,2.84,2.47,2.13,1.83
912,43.5726,-76.2433,LEO,N/A (LEO),1.23,1.53,1.39,1.23,1.07,0.92,0.79
913,43.9651,-78.791,TN,3,3.9,4.88,4.4,3.9,3.4,2.93,2.52
914,44.51,-77.3295,LEO,N/A (LEO),4.11,5.14,4.64,4.11,3.58,3.08,2.66
915,45.5177,-79.8029,LEO,N/A (LEO),3.15,3.94,3.56,3.15,2.74,2.36,2.04
916,45.4404,-75.0738,TN,22,4.56,5.7,5.15,4.56,3.97,3.42,2.95
917,43.8001,-80.6338,LEO,N/A (LEO),2.96,3.7,3.34,2.96,2.57,2.22,1.91
918,45.0957,-78.552,LEO,N/A (LEO),2.93,3.67,3.31,2.93,2.55,2.2,1.9
919,45.4338,-79.4702,LEO,N/A (LEO),4.44,5.55,5.01,4.44,3.86,3.33,2.87
920,43.9238,-79.7024,TN,14,2.82,3.52,3.18,2.82,2.45,2.11,1.82
921,45.1686,-81.118,LEO,N/A (LEO),1.79,2.23,2.02,1.79,1.55,1.34,1.15
922,45.8301,-80.7716,LEO,N/A (LEO),3.27,4.09,3.69,3.27,2.85,2.45,2.11
923,44.5276,-78.5726,LEO,N/A (LEO),3.58,4.47,4.04,3.58,3.12,2.68,2.31
924,43.3044,-78.1314,LEO,N/A (LEO),2.49,3.11,2.81,2.49,2.17,1.87,1.61
925,44.8158,-81.0114,LEO,N/A (LEO),3.28,4.1,3.71,3.28,2.86,2.46,2.12
926,43.1484,-80.0495,TN,23,1.87,2.34,2.12,1.87,1.63,1.41,1.21
927,43.1399,-76.22,LEO,N/A (LEO),2.14,2.68,2.42,2.14,1.87,1.61,1.39
928,45.7449,-75.2105,TN,22,3.29,4.11,3.71,3.29,2.86,2.46,2.12
929,43.0005,-79.3782,TN,8,4.19,5.24,4.73,4.19,3.65,3.14,2.71
930,43.7859,-81.3909,LEO,N/A (LEO),3.23,4.03,3.64,3.23,2.81,2.42,2.09
931,45.4579,-76.4285,LEO,N/A (LEO),1.7,2.13,1.92,1.7,1.48,1.28,1.1
932,44.8547,-80.4565,LEO,N/A (LEO),1.87,2.34,2.12,1.87,1.63,1.4,1.21
933,45.5593,-80.2523,LEO,N/A (LEO),2.05,2.57,2.32,2.05,1.79,1.54,1.33
934,42.5023,-75.9053,LEO,N/A (LEO),4.17,5.21,4.71,4.17,3.63,3.13,2.7
935,44.6957,-76.7481,TN,0,1.61,2.01,1.82,1.61,1.4,1.21,1.04
936,44.1041,-79.5415,TN,14,1.38,1.72,1.55,1.38,1.2,1.03,0.89
937,44.2015,-75.5548,LEO,N/A (LEO),1.16,1.45,1.31,1.16,1.01,0.87,0.75
938,43.5201,-80.5472,TN,23,1.95,2.44,2.21,1.95,1.7,1.46,1.26
939,45.6795,-78.7235,LEO,N/A (LEO),2.87,3.58,3.24,2.87,2.49,2.15,1.85
940,45.162,-80.9186,LEO,N/A (LEO),2.95,3.69,3.33,2.95,2.57,2.21,1.91
941,44.0049,-77.8216,LEO,N/A (LEO),5.0,6.25,5.65,5.0,4.35,3.75,3.23
942,45.1931,-79.2149,LEO,N/A (LEO),4.31,5.39,4.87,4.31,3.75,3.23,2.79
943,43.0975,-81.7868,TN,5,1.82,2.27,2.05,1.82,1.58,1.36,1.18
944,43.6914,-78.4259,LEO,N/A (LEO),3.46,4.33,3.91,3.46,3.01,2.6,2.24
945,45.6871,-78.431,LEO,N/A (LEO),3.01,3.76,3.39,3.01,2.62,2.25,1.94
946,42.6759,-81.7556,TN,5,3.2,4.01,3.62,3.2,2.79,2.4,2.07
947,44.0336,-76.1257,LEO,N/A (LEO),1.64,2.05,1.86,1.64,1.43,1.23,1.06
948,42.5874,-78.8567,LEO,N/A (LEO),1.95,2.44,2.2,1.95,1.7,1.46,1.26
949,42.6737,-76.9278,LEO,N/A (LEO),1.45,1.81,1.63,1.45,1.26,1.08,0.94
950,44.6291,-80.0327,LEO,N/A (LEO),1.69,2.12,1.91,1.69,1.47,1.27,1.1
951,43.8291,-76.3899,LEO,N/A (LEO),2.57,3.21,2.9,2.57,2.24,1.93,1.66
952,45.1277,-81.1216,LEO,N/A (LEO),4.09,5.11,4.62,4.09,3.56,3.07,2.64
953,43.3293,-77.2582,LEO,N/A (LEO),3.26,4.08,3.69,3.26,2.84,2.45,2.11
954,45.752,-79.2887,LEO,N/A (LEO),1.26,1.58,1.43,1.26,1.1,0.95,0.82
955,42.567,-76.212,LEO,N/A (LEO),3.1,3.87,3.5,3.1,2.7,2.32,2.0
956,45.2134,-80.359,LEO,N/A (LEO),2.38,2.98,2.69,2.38,2.07,1.79,1.54
957,42.6054,-75.2696,LEO,N/A (LEO),3.67,4.59,4.15,3.67,3.2,2.75,2.37
958,45.7662,-80.1415,LEO,N/A (LEO),3.45,4.31,3.89,3.45,3.0,2.58,2.23
959,44.8747,-79.7772,LEO,N/A (LEO),4.39,5.49,4.96,4.39,3.82,3.29,2.84
960,45.8151,-75.806,TN,4,3.96,4.95,4.47,3.96,3.44,2.97,2.56
961,43.4711,-80.0287,TN,23,4.85,6.07,5.48,4.85,4.23,3.64,3.14
962,42.536,-76.9877,LEO,N/A (LEO),3.82,4.78,4.32,3.82,3.33,2.87,2.47
963,44.6794,-75.0692,LEO,N/A (LEO),2.25,2.81,2.54,2.25,1.96,1.69,1.45
964,43.6899,-81.4474,LEO,N/A (LEO),2.77,3.46,3.13,2.77,2.41,2.08,1.79
965,43.4137,-79.5963,TN,8,4.34,5.42,4.9,4.34,3.78,3.25,2.8
966,45.7742,-80.6999,LEO,N/A (LEO),2.49,3.11,2.81,2.49,2.17,1.87,1.61
967,45.7502,-81.5673,LEO,N/A (LEO),1.37,1.71,1.55,1.37,1.19,1.03,0.89
968,43.0698,-77.8335,LEO,N/A (LEO),1.6,2.0,1.81,1.6,1.39,1.2,1.04
969,45.8883,-78.873,LEO,N/A (LEO),3.01,3.76,3.4,3.01,2.62,2.25,1.94
970,43.3633,-78.7033,LEO,N/A (LEO),3.65,4.56,4.12,3.65,3.18,2.74,2.36
971,45.1291,-76.7229,LEO,N/A (LEO),3.31,4.14,3.74,3.31,2.88,2.48,2.14
972,45.6653,-76.2781,TN,4,4.03,5.04,4.55,4.03,3.51,3.02,2.6
973,42.6946,-81.9519,TN,5,1.85,2.31,2.09,1.85,1.61,1.39,1.2
974,44.8223,-79.1216,LEO,N/A (LEO),2.61,3.26,2.95,2.61,2.27,1.96,1.69
975,45.5961,-75.7311,TN,4,4.64,5.8,5.24,4.64,4.04,3.48,3.0
976,43.5986,-77.1626,LEO,N/A (LEO),2.09,2.61,2.36,2.09,1.82,1.56,1.35
977,43.1671,-80.7076,LEO,N/A (LEO),2.37,2.96,2.67,2.37,2.06,1.78,1.53
978,44.0049,-76.1834,LEO,N/A (LEO),1.48,1.85,1.67,1.48,1.29,1.11,0.96
979,45.0722,-78.2798,LEO,N/A (LEO),2.15,2.69,2.43,2.15,1.87,1.61,1.39
980,44.2249,-79.9004,LEO,N/A (LEO),3.38,4.23,3.82,3.38,2.95,2.54,2.19
981,44.0185,-80.8492,LEO,N/A (LEO),1.47,1.83,1.66,1.47,1.28,1.1,0.95
982,44.4134,-75.6831,LEO,N/A (LEO),2.38,2.97,2.68,2.38,2.07,1.78,1.54
983,45.0655,-77.3894,LEO,N/A (LEO),4.73,5.91,5.34,4.73,4.11,3.54,3.06
984,45.3734,-78.0338,LEO,N/A (LEO),3.63,4.54,4.1,3.63,3.16,2.72,2.35
985,45.6444,-79.2034,LEO,N/A (LEO),2.31,2.88,2.61,2.31,2.01,1.73,1.49
986,42.5378,-76.2141,LEO,N/A (LEO),4.2,5.25,4.75,4.2,3.66,3.15,2.72
987,42.8656,-77.962,LEO,N/A (LEO),2.86,3.57,3.23,2.86,2.49,2.14,1.85
988,42.9155,-75.136,LEO,N/A (LEO),1.86,2.32,2.1,1.86,1.62,1.39,1.2
989,42.7353,-77.8361,LEO,N/A (LEO),3.96,4.94,4.47,3.96,3.44,2.97,2.56
990,42.6136,-77.389,LEO,N/A (LEO),3.13,3.91,3.53,3.13,2.72,2.35,2.02
991,42.8614,-80.7923,LEO,N/A (LEO),3.27,4.09,3.7,3.27,2.85,2.45,2.12
992,43.5373,-75.4318,LEO,N/A (LEO),4.27,5.34,4.83,4.27,3.72,3.21,2.76
993,45.9425,-80.1823,LEO,N/A (LEO),4.88,6.1,5.51,4.88,4.25,3.66,3.15
994,44.0093,-79.5674,TN,14,1.2,1.5,1.36,1.2,1.05,0.9,0.78
995,42.6847,-77.1559,LEO,N/A (LEO),2.83,3.54,3.2,2.83,2.47,2.12,1.83
996,43.2928,-77.7022,LEO,N/A (LEO),2.01,2.51,2.27,2.01,1.75,1.51,1.3
997,44.5217,-79.4855,LEO,N/A (LEO),4.29,5.37,4.85,4.29,3.74,3.22,2.78
998,45.3724,-78.6585,LEO,N/A (LEO),2.4,3.0,2.71,2.4,2.09,1.8,1.55
999,43.769,-76.36,LEO,N/A (LEO),2.31,2.89,2.61,2.31,2.01,1.73,1.5
